longitude,latitude,housing_median_age,total_rooms,total_bedrooms,population,households,median_income,median_house_value,ocean_proximity
-117.1,32.64,10.0,5583.0,1104.0,2799.0,1045.0,5.0648,253400.0,<1H OCEAN
-118.3,34.06,17.0,1444.0,287.0,1108.0,281.0,3.6406,161400.0,<1H OCEAN
-118.08,33.85,52.0,2396.0,542.0,1438.0,487.0,3.9629,500001.0,<1H OCEAN
-117.12,32.79,30.0,3384.0,584.0,1832.0,526.0,4.0341,195500.0,<1H OCEAN
-119.07,35.39,17.0,2516.0,474.0,1310.0,437.0,1.625,71600.0,<1H OCEAN
-117.93,34.08,20.0,2326,362,1119,339,4.405,211700.0,<1H OCEAN
-119.8,36.74,26.0,2316.0,462.0,1665.0,435.0,3.525,155800.0,<1H OCEAN
-119.57,36.14,25.0,1522.0,313.0,760.0,289.0,1.6433,63600.0,<1H OCEAN
-122.23,37.83,41.0,880.0,129.0,322.0,126.0,8.3252,452600.0,NEAR BAY
-119.33,36.24,17.0,2983.0,586.0,1777.0,559.0,4.7537,172600.0,<1H OCEAN
-122.24,37.49,20.0,1501.0,337.0,1039.0,298.0,3.0813,104100.0,NEAR BAY
-119.75,36.77,18.0,1561.0,300.0,765.0,298.0,2.6212,97800.0,<1H OCEAN
-118.47,34.04,47.0,1031.0,315.0,1056.0,303.0,3.7941,273100.0,<1H OCEAN
-118.32,33.91,43.0,1375.0,236.0,729.0,208.0,2.625,135800.0,<1H OCEAN
-117.19,34.07,26.0,1985.0,331.0,1253.0,316.0,3.875,186900.0,<1H OCEAN
-122.63,38.23,19.0,2841.0,501.0,1989.0,477.0,4.5018,238500.0,<1H OCEAN
-117.04,33.03,24.0,790,207.0,678,189,3.8583,139800.0,<1H OCEAN
-117.26,34.09,23.0,1220.0,236.0,676.0,225.0,3.7857,163200.0,<1H OCEAN
-117.72,33.54,17.0,2738.0,369.0,902,344,3.9558,91900.0,<1H OCEAN
-119.23,34.26,32.0,2781,548,1524,534,3.6885,139800.0,<1H OCEAN
-118.34,34.08,35.0,2470.0,556.0,1808.0,524.0,5.564,270800.0,<1H OCEAN
-118.29,34.05,41.0,1248.0,355.0,1001.0,354.0,4.4063,258100.0,<1H OCEAN
-118.3,34.12,42.0,2237.0,372.0,1483.0,355.0,4.1526,372000.0,<1H OCEAN
-122.22,37.79,52.0,1732.0,322.0,1006.0,322.0,3.2667,500001.0,NEAR BAY
-121.98,37.38,16.0,1929.0,332.0,716.0,259.0,2.3472,84000.0,<1H OCEAN
-118.46,34.09,43.0,2478.0,483.0,1731.0,444.0,4.4125,214700.0,<1H OCEAN
-117.12,32.67,27.0,1567.0,344.0,1237.0,331.0,3.9931,151400.0,<1H OCEAN
-118.37,33.96,42.0,1232.0,276.0,1041.0,263.0,2.8684,178500.0,<1H OCEAN
-121.97,37.33,27.0,1636.0,320.0,1076.0,322.0,3.25,148100.0,<1H OCEAN
-119.8,36.81,35.0,1965.0,379.0,1001.0,355.0,2.6094,80800.0,<1H OCEAN
-121.98,38.93,11.0,4790.0,718.0,1897.0,691.0,4.5167,231500.0,<1H OCEAN
-118.45,34.07,36.0,1239.0,254.0,929.0,239.0,2.3088,162500.0,<1H OCEAN
-119.43,36.51,26.0,2702.0,482.0,1433.0,449.0,2.3438,112500.0,<1H OCEAN
-118.22,33.82,34.0,3896.0,684.0,2357.0,661.0,2.6225,141300.0,<1H OCEAN
-117.17,32.76,17.0,3359.0,623.0,2326.0,601.0,3.5271,184800.0,<1H OCEAN
-119.74,36.72,38.0,1102.0,198.0,689.0,237.0,2.7895,103800.0,<1H OCEAN
-118.38,34.07,33.0,2599.0,433.0,1319.0,440.0,3.4896,161300.0,<1H OCEAN
-121.33,38.53,24.0,1113.0,248.0,753.0,241.0,4.5714,161900.0,<1H OCEAN
-117.29,34.05,17.0,1706.0,389.0,1652.0,369.0,3.27,116700.0,<1H OCEAN
-119.56,36.58,34.0,1649.0,370.0,1041.0,353.0,3.055,112500.0,<1H OCEAN
-118.46,34.02,30.0,2226.0,455.0,1635.0,428.0,3.8167,226900.0,<1H OCEAN
-119.24,34.28,24.0,1073.0,255.0,901.0,258.0,3.4917,72100.0,<1H OCEAN
-118.38,34.07,30.0,4024.0,688.0,1564.0,622.0,5.2119,267900.0,<1H OCEAN
-118.25,33.92,46.0,1506.0,356.0,830.0,336.0,3.9,215200.0,<1H OCEAN
-118.35,34.09,38.0,5157.0,1036.0,2213.0,1008.0,4.2351,205500.0,<1H OCEAN
-117.91,33.67,16.0,2661.0,499.0,1405.0,471.0,4.1417,151300.0,<1H OCEAN
-118.0,33.84,36.0,1211.0,172.0,451.0,157.0,3.54,150100.0,<1H OCEAN
-118.32,33.93,45.0,2020.0,389.0,1050.0,399.0,3.975,198300.0,<1H OCEAN
-121.92,36.56,14.0,2979.0,461.0,1675.0,461.0,4.875,210800.0,<1H OCEAN
-118.25,34.03,38.0,1580.0,382.0,1285.0,355.0,2.6652,117800.0,NEAR OCEAN
-118.31,33.97,18.0,5133.0,830.0,1942.0,803.0,3.4817,271100.0,<1H OCEAN
-117.01,33.87,16.0,1121,259,802,245,4.5714,164300.0,<1H OCEAN
-118.33,33.93,32.0,2774,698,1274,664,4.5167,240200.0,<1H OCEAN
-118.38,34.08,15.0,5258.0,1088.0,2926.0,1034.0,4.7273,227100.0,<1H OCEAN
-118.24,34.05,30.0,2343.0,497.0,1602.0,482.0,3.6111,299700.0,<1H OCEAN
-123.2,38.3,16.0,2825.0,516.0,1804.0,466.0,3.75,160700.0,<1H OCEAN
-121.22,39.31,20.0,1743.0,360.0,1086.0,354.0,2.91,105300.0,<1H OCEAN
-118.16,34.13,36.0,2255.0,418.0,1059.0,372.0,5.8938,500001.0,<1H OCEAN
-119.54,37.96,26.0,2029.0,324.0,1028.0,317.0,1.808,500001.0,<1H OCEAN
-118.47,34.3,15.0,1713.0,434.0,1735.0,427.0,5.1721,269500.0,<1H OCEAN
-118.43,34.24,21.0,1984.0,375.0,1164.0,353.0,2.4643,139100.0,<1H OCEAN
-118.39,33.92,37.0,1656.0,344.0,1209.0,331.0,4.5417,233000.0,<1H OCEAN
-117.12,32.71,19.0,1684,353,961,319,2.5741,125000.0,<1H OCEAN
-117.87,33.84,19.0,3794.0,871.0,2400.0,851.0,3.6982,227400.0,<1H OCEAN
-118.33,34.07,34.0,1809.0,288.0,1105.0,272.0,4.098,216400.0,<1H OCEAN
-118.32,34.06,37.0,2395.0,631.0,2027.0,594.0,4.0826,283100.0,<1H OCEAN
-118.39,34.07,47.0,1370.0,246.0,734.0,241.0,2.2885,94900.0,<1H OCEAN
-118.36,33.87,46.0,1866.0,372.0,1215.0,382.0,2.908,136100.0,<1H OCEAN
-118.4,34.05,34.0,1793.0,376.0,1845.0,356.0,4.6611,327700.0,<1H OCEAN
-119.86,34.42,38.0,687.0,146.0,514.0,144.0,2.4375,87500.0,<1H OCEAN
-117.81,34.14,17.0,4448.0,1023.0,2676.0,1039.0,3.7386,179200.0,<1H OCEAN
-122.27,37.81,52.0,1777.0,331.0,1118.0,327.0,4.2083,235200.0,NEAR BAY
-121.89,36.64,17.0,2251.0,436.0,1271.0,427.0,3.9344,104100.0,<1H OCEAN
-117.02,32.69,15.0,1820.0,335.0,914.0,326.0,4.2083,181300.0,<1H OCEAN
-119.85,36.73,35.0,2059,459,1351,444,3.9875,112500.0,<1H OCEAN
-118.22,33.81,46.0,4468.0,1219.0,3018.0,1148.0,3.8012,269800.0,<1H OCEAN
-114.86,34.4,15.0,4667.0,773.0,2677.0,721.0,3.44,93500.0,<1H OCEAN
-118.24,35.0,27.0,2162.0,361.0,1239.0,358.0,2.3864,130800.0,<1H OCEAN
-119.05,35.34,16.0,1715.0,372.0,1175.0,372.0,3.0476,106300.0,<1H OCEAN
-118.37,33.92,34.0,2228.0,440.0,1080.0,414.0,3.7121,192300.0,<1H OCEAN
-118.37,34.08,52.0,929,214,673,214,3.3333,143300.0,<1H OCEAN
-119.46,36.91,25.0,4243.0,899.0,2257.0,857.0,3.3357,106000.0,<1H OCEAN
-117.05,33.12,22.0,2322.0,422.0,1264.0,409.0,4.5,171100.0,<1H OCEAN
-117.31,34.08,16.0,875.0,158.0,614.0,161.0,3.4609,143300.0,<1H OCEAN
-116.79,33.71,38.0,1338.0,239.0,669.0,227.0,3.448,97300.0,<1H OCEAN
-118.28,34.06,50.0,1464.0,291.0,907.0,293.0,3.5455,154700.0,<1H OCEAN
-119.46,36.99,32.0,1474.0,295.0,1008.0,279.0,2.9423,134200.0,<1H OCEAN
-118.37,33.92,43.0,1663,342,1098,328,3.7813,240400.0,<1H OCEAN
-118.34,33.91,39.0,1933.0,460.0,1865.0,471.0,3.9444,222200.0,<1H OCEAN
-118.28,34.09,43.0,2176.0,411.0,1537.0,392.0,3.5486,223900.0,<1H OCEAN
-119.46,36.91,29.0,1436.0,263.0,792.0,267.0,3.2031,93300.0,INLAND
-118.29,34.07,45.0,3174.0,879.0,2550.0,862.0,2.2305,95600.0,<1H OCEAN
-118.34,34.06,31.0,1373.0,375.0,1663.0,356.0,4.2614,177100.0,<1H OCEAN
-121.94,37.26,30.0,2781,913,1743,853,4.0192,146400.0,<1H OCEAN
-121.99,37.28,25.0,1745.0,366.0,1339.0,355.0,1.875,67500.0,<1H OCEAN
-121.8,36.69,32.0,3354.0,711.0,2289.0,673.0,3.14,92000.0,<1H OCEAN
-118.21,34.13,36.0,2484,464,1312,450,3.0875,127800.0,<1H OCEAN
-117.19,34.07,35.0,1199.0,305.0,1015.0,290.0,3.1917,137500.0,<1H OCEAN
-118.02,33.88,16.0,4314.0,1110.0,3215.0,1068.0,3.6042,205600.0,<1H OCEAN
-116.92,32.82,15.0,3041.0,506.0,1124.0,479.0,3.0375,106100.0,<1H OCEAN
-119.22,34.24,15.0,1439.0,297.0,1230.0,290.0,3.1607,128300.0,<1H OCEAN
-117.43,33.97,26.0,3526.0,1046.0,2604.0,1028.0,4.474,185300.0,<1H OCEAN
-118.43,34.13,37.0,1354.0,367.0,1161.0,331.0,2.5729,158700.0,<1H OCEAN
-122.55,38.05,52.0,1617.0,361.0,1015.0,344.0,2.5729,102200.0,NEAR BAY
-121.96,37.36,25.0,1221.0,252.0,822.0,231.0,2.905,113100.0,<1H OCEAN
-118.4,34.18,30.0,1641.0,364.0,1612.0,347.0,2.6147,162500.0,<1H OCEAN
-121.29,38.95,35.0,2214.0,331.0,1022.0,351.0,2.625,109400.0,<1H OCEAN
-119.55,36.57,52.0,1535.0,289.0,1052.0,279.0,4.125,137500.0,<1H OCEAN
-123.27,38.48,52.0,1377,308,928,262,1.9792,85800.0,<1H OCEAN
-118.3,34.1,35.0,1545.0,292.0,1045.0,264.0,2.0771,137800.0,<1H OCEAN
-118.14,33.91,48.0,1751.0,345.0,1463.0,326.0,3.2664,168800.0,<1H OCEAN
-119.91,36.79,31.0,1874.0,336.0,1313.0,319.0,3.4635,117200.0,<1H OCEAN
-118.17,34.06,20.0,4237.0,897.0,2958.0,886.0,3.6389,155900.0,<1H OCEAN
-118.34,34.09,29.0,3713.0,699.0,1833.0,633.0,2.58,164300.0,<1H OCEAN
-117.08,32.76,38.0,1359.0,326.0,1015.0,303.0,3.2625,109400.0,<1H OCEAN
-118.48,34.02,34.0,2370,456,1662,431,2.1885,500001.0,<1H OCEAN
-117.03,33.16,35.0,3579.0,740.0,2024.0,713.0,4.3214,180300.0,<1H OCEAN
-122.39,37.82,52.0,4208.0,786.0,2213.0,786.0,3.1462,500001.0,<1H OCEAN
-121.92,37.53,12.0,821.0,168.0,478.0,160.0,4.1935,244800.0,<1H OCEAN
-118.41,34.14,13.0,2402.0,429.0,1358.0,401.0,6.3481,343500.0,<1H OCEAN
-118.33,34.07,28.0,1451.0,269.0,1173.0,271.0,2.6094,192300.0,<1H OCEAN
-118.29,33.92,41.0,1107.0,221.0,469.0,221.0,3.5313,296900.0,<1H OCEAN
-119.81,36.77,20.0,987.0,212.0,724.0,211.0,1.3571,500001.0,<1H OCEAN
-118.14,33.91,45.0,1734.0,356.0,1138.0,349.0,3.0313,108000.0,<1H OCEAN
-118.37,33.93,35.0,1239.0,236.0,733.0,246.0,4.0132,132600.0,<1H OCEAN
-117.87,33.72,18.0,2251.0,407.0,1124.0,393.0,3.9821,189100.0,<1H OCEAN
-118.47,34.02,22.0,2519.0,696.0,2027.0,625.0,4.1518,160500.0,<1H OCEAN
-117.14,32.71,15.0,1995.0,353.0,1015.0,328.0,3.7885,126600.0,<1H OCEAN
-118.39,34.07,15.0,1397.0,350.0,1448.0,322.0,2.9464,213400.0,<1H OCEAN
-122.44,37.8,52.0,2691.0,499.0,1430.0,488.0,3.5542,341000.0,NEAR BAY
-118.37,34.19,52.0,1488.0,332.0,1206.0,322.0,2.475,71200.0,<1H OCEAN
-118.0,33.74,48.0,1018.0,254.0,656.0,224.0,3.6806,138300.0,<1H OCEAN
-118.34,33.94,22.0,1303.0,258.0,1085.0,262.0,4.1518,173100.0,<1H OCEAN
-119.78,36.74,50.0,2461,481,1290,449,2.3135,86700.0,<1H OCEAN
-118.31,33.98,32.0,1711.0,334.0,1023.0,312.0,1.7361,67500.0,<1H OCEAN
-118.24,34.17,29.0,3552.0,705.0,2372.0,719.0,2.9319,134500.0,<1H OCEAN
-118.48,34.0,17.0,1512.0,332.0,1085.0,317.0,4.09,148900.0,<1H OCEAN
-118.21,33.81,42.0,2188.0,381.0,1228.0,365.0,2.2545,80800.0,<1H OCEAN
-117.23,32.77,16.0,4705.0,525.0,1437.0,502.0,5.9877,277800.0,<1H OCEAN
-118.37,33.91,34.0,2188.0,394.0,1473.0,372.0,3.875,270100.0,<1H OCEAN
-119.68,36.34,22.0,1454.0,310.0,877.0,292.0,3.0469,104200.0,<1H OCEAN
-119.44,34.03,25.0,2016.0,428.0,1138.0,407.0,3.875,179200.0,<1H OCEAN
-117.08,32.58,23.0,1305.0,252.0,778.0,239.0,2.875,223600.0,<1H OCEAN
-118.36,34.08,24.0,1672.0,457.0,1420.0,461.0,4.5056,384300.0,<1H OCEAN
-119.8,36.82,48.0,683.0,141.0,370.0,119.0,2.9375,104200.0,<1H OCEAN
-118.41,34.17,37.0,1557.0,383.0,1025.0,340.0,4.4789,237900.0,<1H OCEAN
-118.34,33.92,35.0,1849.0,361.0,1290.0,359.0,2.7111,155300.0,<1H OCEAN
-118.29,34.02,33.0,1983.0,324.0,996.0,305.0,4.8542,259400.0,<1H OCEAN
-119.8,36.83,14.0,3189.0,600.0,1501.0,517.0,4.542,173200.0,<1H OCEAN
-118.47,34.05,15.0,1000.0,250.0,699.0,250.0,4.1187,151300.0,<1H OCEAN
-118.12,33.83,42.0,2525.0,535.0,1981.0,499.0,3.5,220100.0,<1H OCEAN
-119.26,35.23,18.0,7319.0,1740.0,3374.0,1562.0,3.9038,127100.0,<1H OCEAN
-117.18,34.14,31.0,2289.0,369.0,1136.0,357.0,3.9911,159400.0,<1H OCEAN
-122.12,39.31,15.0,3429.0,549.0,2150.0,498.0,2.9141,103000.0,<1H OCEAN
-122.02,37.33,35.0,3267,644,2256,623,3.7573,356700.0,NEAR BAY
-118.28,34.05,25.0,5372.0,1523.0,5048.0,1479.0,3.161,238500.0,<1H OCEAN
-118.46,34.07,35.0,2310.0,543.0,1671.0,517.0,4.1497,269200.0,<1H OCEAN
-122.29,37.88,45.0,1601.0,352.0,1003.0,347.0,3.125,188600.0,NEAR BAY
-121.99,37.29,20.0,1212.0,286.0,1047.0,278.0,2.15,89700.0,<1H OCEAN
-118.09,34.06,35.0,2414.0,556.0,1751.0,505.0,4.4911,193800.0,<1H OCEAN
-117.94,33.83,8.0,3622.0,658.0,1869.0,633.0,3.9333,171400.0,<1H OCEAN
-118.25,34.05,44.0,1283.0,209.0,710.0,200.0,4.1539,267100.0,<1H OCEAN
-118.25,34.04,43.0,1811.0,400.0,1092.0,383.0,3.2214,143100.0,<1H OCEAN
-119.05,35.34,28.0,1578.0,286.0,840.0,295.0,2.2214,81800.0,<1H OCEAN
-118.46,34.03,46.0,2403.0,448.0,1445.0,464.0,4.125,207300.0,<1H OCEAN
-121.84,37.26,17.0,2284.0,393.0,844.0,355.0,5.3857,197300.0,NEAR BAY
-117.2,32.74,16.0,2348.0,463.0,1510.0,455.0,3.8147,158300.0,<1H OCEAN
-118.28,34.06,26.0,1790.0,346.0,1023.0,352.0,4.9857,253900.0,<1H OCEAN
-118.12,33.77,33.0,1651,342,1125,329,3.8036,225000.0,<1H OCEAN
-118.32,34.05,49.0,2071.0,370.0,1050.0,354.0,3.8326,287800.0,<1H OCEAN
-118.14,33.76,35.0,2780.0,575.0,1506.0,523.0,4.3875,240400.0,<1H OCEAN
-118.2,33.78,45.0,1616,308,1027,316,2.2708,156900.0,<1H OCEAN
-119.28,34.28,40.0,2222.0,528.0,1539.0,529.0,2.4167,137500.0,<1H OCEAN
-118.34,33.85,32.0,1382.0,264.0,1036.0,225.0,3.1477,203400.0,<1H OCEAN
-119.31,34.15,23.0,3224.0,584.0,1863.0,527.0,2.355,106300.0,<1H OCEAN
-118.31,34.09,47.0,1682.0,389.0,915.0,362.0,3.875,174300.0,<1H OCEAN
-118.19,34.11,52.0,4352.0,870.0,2787.0,814.0,4.1563,183800.0,<1H OCEAN
-118.06,34.08,37.0,1637.0,359.0,1022.0,344.0,3.36,123700.0,<1H OCEAN
-118.02,33.87,43.0,1862.0,454.0,1459.0,424.0,2.8019,500.001,<1H OCEAN
-118.31,33.91,37.0,1046.0,208.0,576.0,198.0,4.1518,205000.0,<1H OCEAN
-118.36,33.95,38.0,1817.0,469.0,1808.0,447.0,5.947,261800.0,<1H OCEAN
-118.1,33.88,40.0,2261.0,545.0,1445.0,466.0,2.7188,160900.0,&lt;1H OCEAN&gt;
-118.38,33.82,29.0,2102.0,487.0,1729.0,467.0,3.6042,309100.0,<1H OCEAN
-121.33,38.69,16.0,2150.0,483.0,1648.0,415.0,3.66,152500.0,<1H OCEAN
-119.43,36.62,24.0,1798.0,385.0,1162.0,367.0,3.875,133400.0,<1H OCEAN
-118.08,34.07,51.0,2781.0,547.0,1510.0,518.0,4.2467,248000.0,<1H OCEAN
-118.45,34.09,38.0,1911.0,385.0,1167.0,356.0,4.61,144400.0,<1H OCEAN
-118.17,33.81,52.0,1844.0,351.0,1565.0,336.0,2.0601,194100.0,<1H OCEAN
-118.3,33.97,17.0,2673.0,644.0,1962.0,633.0,3.5694,221900.0,<1H OCEAN
-118.31,34.07,38.0,1169.0,222.0,576.0,220.0,1.75,500001.0,<1H OCEAN
-118.46,34.05,47.0,877,174.0,703,157,4.1346,287500.0,<1H OCEAN
-118.46,34.07,27.0,1865.0,332.0,1027.0,309.0,4.6958,216100.0,<1H OCEAN
-118.35,33.82,35.0,3697.0,797.0,1744.0,725.0,2.3667,500001.0,<1H OCEAN
-118.31,34.07,41.0,2338.0,597.0,1756.0,560.0,3.5449,315400.0,<1H OCEAN
-118.33,34.05,44.0,1149.0,321.0,1050.0,322.0,2.6682,132500.0,<1H OCEAN
-121.97,37.35,36.0,718.0,113.0,333.0,112.0,3.9977,137500.0,<1H OCEAN
-118.37,34.02,48.0,1126.0,194.0,854.0,200.0,3.0694,205200.0,<1H OCEAN
-119.76,36.79,46.0,3639.0,857.0,2399.0,798.0,3.0437,68600.0,<1H OCEAN
-117.95,33.82,17.0,3251.0,567.0,2084.0,528.0,5.8459,167300.0,<1H OCEAN
-118.27,34.06,44.0,1702.0,333.0,1025.0,325.0,2.8139,109700.0,<1H OCEAN
-117.03,32.75,20.0,1436.0,319.0,1107.0,282.0,4.0472,226700.0,<1H OCEAN
-118.44,34.09,18.0,3397.0,762.0,2650.0,716.0,2.8472,186600.0,<1H OCEAN
-118.24,33.95,42.0,1232.0,268.0,671.0,238.0,4.15,151800.0,<1H OCEAN
-119.85,36.72,38.0,1101.0,209.0,731.0,187.0,2.875,93800.0,<1H OCEAN
-117.2,33.17,16.0,1274.0,313.0,1003.0,302.0,3.0773,112500.0,<1H OCEAN
-118.24,34.05,52.0,1205,320,1026,288,1.325,112500.0,<1H OCEAN
-117.18,34.09,17.0,2331.0,458.0,1355,433,3.7216,182400.0,<1H OCEAN
-119.02,34.15,52.0,2781.0,609.0,1548.0,547.0,1.376,500001.0,<1H OCEAN
-118.47,34.0,35.0,1919.0,419.0,1078.0,385.0,3.3042,109800.0,<1H OCEAN
-118.0,33.83,38.0,1330.0,236.0,691.0,219.0,3.125,193200.0,<1H OCEAN
-117.17,32.74,21.0,2261,555,1607,538,3.193,156500.0,<1H OCEAN
-117.74,33.89,17.0,2660.0,478.0,1334.0,447.0,6.0394,308100.0,<1H OCEAN
-121.93,38.47,16.0,1951.0,368.0,943.0,355.0,2.9333,106700.0,<1H OCEAN
-122.41,37.76,52,3680,765,1647,734,2.7857,132600.0,NEAR BAY
-117.03,32.83,19.0,2154.0,433.0,1648.0,428.0,3.4641,160900.0,<1H OCEAN
-119.05,34.21,36.0,1258.0,304.0,691.0,298.0,3.875,178500.0,<1H OCEAN
-117.13,32.81,34.0,2039.0,375.0,1551.0,356.0,3.925,156400.0,NEAR BAY
-121.14,38.93,18.0,1409.0,310.0,1039.0,303.0,2.3594,72500.0,INLAND
-118.39,34.09,34.0,1085.0,193.0,754.0,178.0,2.8242,500001.0,<1H OCEAN
-119.73,36.79,52.0,1734,368,914,348,2.2214,70200.0,<1H OCEAN
-118.0,34.07,52.0,1111.0,258.0,1109.0,259.0,2.4167,85700.0,<1H OCEAN
-117.06,32.77,30.0,1835.0,401.0,1021.0,384.0,4.3359,160500.0,<1H OCEAN
-118.33,34.12,26.0,1128.0,187.0,592.0,173.0,5.25,197000.0,<1H OCEAN
-117.06,32.71,38.0,1396.0,350.0,1050.0,340.0,2.3018,140900.0,<1H OCEAN
-119.67,36.33,23.0,1739.0,379.0,1005.0,355.0,2.1917,82600.0,<1H OCEAN
-119.08,34.38,25.0,4601.0,844.0,2318.0,845.0,3.9688,122900.0,<1H OCEAN
-118.37,33.92,23.0,1853.0,359.0,1052.0,332.0,4.8447,226700.0,<1H OCEAN
-118.28,34.0,21.0,1531.0,365.0,1057.0,343.0,3.1217,228100.0,<1H OCEAN
-119.38,34.26,18.0,687,155,528,161,2.875,102600.0,<1H OCEAN
-118.13,33.77,50.0,2083.0,480.0,1956.0,458.0,2.4167,107300.0,<1H OCEAN
-119.4,36.08,16.0,1057.0,307.0,916.0,307.0,2.6991,122300.0,<1H OCEAN
-118.28,34.02,43.0,1191.0,292.0,1039.0,295.0,4.375,207000.0,<1H OCEAN
-118.22,34.12,36.0,1693.0,448.0,2239.0,423.0,4.2708,176500.0,<1H OCEAN
-119.74,36.74,20.0,1124.0,181.0,496.0,177.0,3.2596,142400.0,<1H OCEAN
-118.3,33.98,18.0,2688.0,508.0,1426.0,471.0,5.0158,181400.0,<1H OCEAN
-119.05,34.37,27.0,3476.0,530.0,1916.0,502.0,3.2125,130000.0,<1H OCEAN
-121.98,37.35,42.0,1515.0,288.0,990.0,292.0,4.0132,113100.0,<1H OCEAN
-118.49,34.29,18.0,5249.0,1291.0,2851.0,1226.0,3.225,238100.0,<1H OCEAN
-119.01,34.40,25.0,1505.0,434.0,1537.0,429.0,3.125,131300.0,<1H OCEAN
-118.43,34.12,37.0,357.0,84.0,322.0,79.0,2.3661,179800.0,<1H OCEAN
-119.8,36.74,16.0,1059.0,244.0,974.0,250.0,3.7357,131100.0,<1H OCEAN
-119.52,37.99,20.0,2696.0,643.0,2056.0,622.0,3.3594,142900.0,<1H OCEAN
-118.46,34.04,32.0,1003.0,243.0,765.0,227.0,5.4333,253300.0,<1H OCEAN
-120.85,38.03,52.0,3221.0,644.0,2102.0,633.0,5.125,237600.0,<1H OCEAN
-118.47,34.26,26.0,1067.0,255.0,797.0,247.0,4.0458,278300.0,<1H OCEAN
-118.25,34.05,24.0,1669.0,380.0,1434.0,369.0,3.18,196300.0,<1H OCEAN
-118.36,34.08,52.0,1337.0,320.0,746.0,282.0,3.3929,207000.0,<1H OCEAN
-117.08,32.64,30.0,2224.0,567.0,1918.0,518.0,3.7875,191100.0,<1H OCEAN
-118.08,34.10,52.0,2127.0,384.0,1189.0,348.0,3.875,253100.0,<1H OCEAN
-116.5,33.88,19.0,1163.0,195.0,727.0,157.0,2.6923,66500.0,<1H OCEAN
-119.08,35.36,25.0,2026.0,355.0,1043.0,340.0,1.3571,70000.0,<1H OCEAN
-118.23,34.17,43.0,1222.0,220.0,678.0,219.0,2.5893,70200.0,<1H OCEAN
-118.23,34.06,52.0,1234.0,437.0,1375.0,433.0,2.9344,125000.0,<1H OCEAN
-122.66,38.24,38.0,1022.0,187.0,738.0,183.0,3.8365,177300.0,<1H OCEAN
-118.15,33.88,52.0,1283.0,197.0,741.0,191.0,2.942,152600.0,<1H OCEAN
-117.24,33.99,22.0,1324.0,261.0,1118.0,243.0,4.1042,211800.0,<1H OCEAN
-118.5,34.15,29.0,3470.0,625.0,2088.0,591.0,3.887,197500.0,<1H OCEAN
-118.22,33.93,36.0,1658.0,369.0,1157.0,357.0,2.9344,100000.0,<1H OCEAN
-118.37,34.16,52.0,3106.0,706.0,2234.0,656.0,2.2667,153300.0,<1H OCEAN
-117.98,33.85,22.0,1049.0,201.0,711.0,205.0,2.375,118800.0,<1H OCEAN
-118.4,33.99,39.0,3030.0,609.0,1877.0,582.0,4.4178,174300.0,<1H OCEAN
-118.4,34.1,29.0,1648.0,429.0,2037.0,406.0,5.6014,179200.0,<1H OCEAN
-118.07,33.78,43.0,2593.0,497.0,1621.0,518.0,3.1917,188200.0,<1H OCEAN
-119.23,34.25,15.0,1283.0,325.0,853.0,303.0,2.383,76400.0,<1H OCEAN
-118.31,34.06,41.0,1651.0,372.0,1447.0,353.0,4.2022,179200.0,<1H OCEAN
-118.43,34.02,34.0,1414.0,243.0,755.0,230.0,3.0042,161900.0,<1H OCEAN
-121.24,38.68,38.0,1023.0,199.0,609.0,177.0,2.4511,82900.0,<1H OCEAN
-115.52,32.68,27.0,2063.0,482.0,2116.0,463.0,3.6077,194800.0,<1H OCEAN
-118.45,34.08,52.0,2629.0,558.0,1744.0,510.0,2.8135,160800.0,<1H OCEAN
-121.31,38.03,31.0,1319.0,238.0,624.0,238.0,4.1518,143000.0,<1H OCEAN
-118.28,34.02,32.0,2732.0,448.0,1314.0,416.0,2.7885,198100.0,<1H OCEAN
-118.3,34.06,36.0,1838.0,409.0,1423.0,389.0,3.9312,263400.0,<1H OCEAN
-118.3,34.07,48.0,1272.0,281.0,1295.0,275.0,3.1635,182300.0,<1H OCEAN
-118.35,33.96,29.0,1363.0,229.0,1039.0,218.0,4.1111,246800.0,<1H OCEAN
-118.0,33.85,33.0,2562.0,785.0,2434.0,717.0,2.5352,230100.0,<1H OCEAN
-122.25,37.83,52.0,1196.0,233.0,624.0,217.0,3.3929,153100.0,NEAR BAY
-118.33,34.09,37.0,3109.0,610.0,1756.0,584.0,3.1746,302100.0,<1H OCEAN
-117.08,34.11,29.0,1730.0,393.0,1239.0,372.0,3.5781,137500.0,<1H OCEAN
-118.3,34.09,44.0,2512.0,666.0,1339.0,642.0,2.875,220500.0,<1H OCEAN
-118.37,34.0,14.0,3161.0,766.0,2189.0,755.0,3.9196,253800.0,<1H OCEAN
-118.45,34.0,19.0,3384.0,709.0,2027.0,686.0,5.0667,316100.0,<1H OCEAN
-118.38,34.07,38.0,1230.0,225.0,766.0,244.0,4.045,150.6,<1H OCEAN
-118.35,34.03,34.0,1803.0,417.0,1317.0,397.0,2.5741,102100.0,<1H OCEAN
-118.15,33.77,44.0,1238.0,255.0,724.0,236.0,4.1563,246100.0,<1H OCEAN
-118.23,33.97,52.0,2866.0,600.0,1503.0,540.0,2.206,153100.0,<1H OCEAN
-119.81,36.78,27.0,982.0,195.0,597.0,192.0,2.8893,87800.0,<1H OCEAN
-118.49,34.16,36.0,1212.0,214.0,821,201,4.0192,129200.0,<1H OCEAN
-119.53,37.96,16.0,1844.0,300.0,806.0,270.0,2.6146,72000.0,<1H OCEAN
-117.08,32.75,15.0,2478.0,352.0,1075.0,344.0,3.5497,163800.0,<1H OCEAN
-117.07,32.63,8.0,2622.0,578.0,1865.0,565.0,4.4214,227900.0,<1H OCEAN
-118.31,34.08,52.0,4162.0,686.0,1776.0,660.0,2.9653,175000.0,<1H OCEAN
-118.05,33.88,41.0,1312,274,954,249,2.8235,206200.0,<1H OCEAN
-117.32,34.11,36.0,1118.0,233.0,719.0,229.0,3.0278,117500.0,<1H OCEAN
-118.48,34.07,36.0,6948.0,1316.0,4736.0,1217.0,4.6083,194300.0,<1H OCEAN
-118.3,34.08,43.0,1270.0,231.0,946.0,225.0,2.5123,112500.0,<1H OCEAN
-118.15,34.07,44.0,1433.0,244.0,655.0,240.0,3.947,306100.0,<1H OCEAN
-117.02,32.69,35.0,1874.0,397.0,1341.0,379.0,3.7028,149600.0,<1H OCEAN
-118.36,34.21,33.0,5218.0,1181.0,4756.0,1175.0,3.225,167500.0,<1H OCEAN
-118.48,34.23,35.0,1616.0,285.0,1471,277,2.4167,171700.0,<1H OCEAN
-118.29,34.02,19.0,3190.0,616.0,2927.0,604.0,3.5368,197000.0,<1H OCEAN
-118.47,34.01,43.0,1686.0,367.0,1420.0,358.0,4.375,225000.0,<1H OCEAN
-118.51,34.26,17.0,2618.0,444.0,1721.0,427.0,4.3438,207300.0,<1H OCEAN
-119.01,34.38,18.0,1781.0,322.0,914.0,317.0,4.375,184800.0,<1H OCEAN
-122.5,37.78,52.0,3884.0,677.0,1502.0,664.0,4.8839,322900.0,NEAR BAY
-117.79,34.07,15.0,4547.0,958.0,2791.0,913.0,3.0326,103900.0,<1H OCEAN
-118.13,33.75,52.0,1975.0,410.0,1039.0,384.0,2.7222,110700.0,<1H OCEAN
-117.9,34.05,33.0,1312.0,247.0,846.0,241.0,3.9292,105900.0,<1H OCEAN
-119.56,36.57,20.0,2619.0,526.0,1525.0,513.0,2.1741,86100.0,<1H OCEAN
-117.09,32.60,27.0,2623.0,664.0,1887.0,641.0,4.3315,193800.0,<1H OCEAN
-119.67,36.33,52.0,1841.0,360.0,1007.0,342.0,2.6768,112500.0,INLAND
-117.11,32.83,31.0,1049.0,196.0,558.0,178.0,3.9063,137500.0,<1H OCEAN
-118.33,33.93,27.0,2814.0,434.0,1257.0,433.0,4.4821,245200.0,<1H OCEAN
-121.54,38.48,20.0,1988.0,320.0,904.0,283.0,3.7596,137500.0,<1H OCEAN
-121.88,37.67,20.0,1254.0,322.0,922.0,310.0,1.75,500001.0,<1H OCEAN
-119.05,35.35,27.0,1930.0,330.0,1050.0,323.0,3.276,102400.0,<1H OCEAN
-118.29,34.04,27.0,1709.0,404.0,1301.0,410.0,3.22,148000.0,<1H OCEAN
-122.41,37.79,52.0,1606.0,431.0,1225,422,2.6768,138500.0,NEAR BAY
-117.03,32.95,25.0,1723.0,300.0,819.0,283.0,2.625,149500.0,<1H OCEAN
-119.53,37.95,32.0,1231.0,236.0,704.0,238.0,2.1992,59500.0,<1H OCEAN
-119.79,36.74,17.0,2671.0,517.0,1612.0,504.0,2.6552,107600.0,<1H OCEAN
-117.6,34.12,40.0,2179.0,463.0,1532.0,441.0,3.1917,197700.0,<1H OCEAN
-118.18,33.91,52.0,1473.0,305.0,1006.0,270.0,2.0192,166900.0,<1H OCEAN
-118.15,34.0,37.0,1420.0,282.0,780.0,239.0,4.875,228100.0,<1H OCEAN
-121.98,37.35,27.0,1627,295,915,283,2.7308,102600.0,<1H OCEAN
-119.75,36.78,17.0,1111.0,221.0,692.0,221.0,4.875,200000.0,<1H OCEAN
-119.88,34.32,27.0,2089.0,350.0,1001.0,345.0,3.2371,103800.0,<1H OCEAN
-122.41,37.71,52.0,4499.0,754.0,1947.0,727.0,2.5972,156300.0,NEAR BAY
-122.22,37.47,40.0,3137.0,661.0,1873.0,588.0,3.7768,252600.0,NEAR BAY
-121.22,38.0,48.0,1751.0,434.0,1571.0,431.0,3.0458,159800.0,<1H OCEAN
-118.46,34.09,42.0,2922.0,702.0,2154.0,666.0,3.0625,179200.0,<1H OCEAN
-119.57,36.43,26.0,1818.0,291.0,1024.0,278.0,3.3221,133700.0,<1H OCEAN
-118.32,33.87,17.0,1433.0,336.0,1110.0,339.0,3.4643,289500.0,<1H OCEAN
-118.14,34.16,24.0,2063.0,401.0,1271.0,355.0,2.957,92000.0,<1H OCEAN
-121.2,38.0,23.0,2094.0,415.0,1627.0,393.0,4.1688,119300.0,<1H OCEAN
-118.36,33.87,43.0,2371.0,392.0,1351.0,434.0,2.6375,166200.0,<1H OCEAN
-117.9,33.73,17.0,2906.0,517.0,1859.0,503.0,5.2515,162500.0,<1H OCEAN
-122.23,37.88,41.0,880.0,129.0,322.0,126.0,8.3252,452600.0,NEAR BAY
-122.23,37.8,52.0,4117.0,939.0,2380.0,913.0,4.0368,342200.0,NEAR BAY
-122.24,37.47,38.0,791.0,178.0,397.0,151.0,2.375,87500.0,<1H OCEAN
-118.0,34.12,52.0,1283.0,318.0,853.0,307.0,2.2692,500001.0,<1H OCEAN
-117.34,34.10,22.0,1487.0,307.0,1001.0,322.0,3.1917,167200.0,<1H OCEAN
-117.08,32.56,20.0,2393.0,426.0,1192.0,392.0,5.7744,137500.0,<1H OCEAN
-118.0,34.06,36.0,1597.0,308.0,1019.0,303.0,4.1518,148800.0,<1H OCEAN
-117.53,34.04,28.0,2615,483,1314,462,2.5357,122800.0,<1H OCEAN
-119.55,36.23,30.0,1774.0,246.0,721.0,247.0,1.961,500001.0,<1H OCEAN
-119.79,36.74,16.0,2342.0,462.0,1418.0,482.0,2.3047,82500.0,<1H OCEAN
-118.48,34.02,35.0,1195.0,267.0,1001.0,248.0,3.875,174200.0,<1H OCEAN
-118.17,34.06,42.0,2008.0,481.0,1482.0,466.0,4.1695,205300.0,<1H OCEAN
-117.07,32.77,33.0,1321.0,316.0,1078.0,322.0,3.1071,115100.0,<1H OCEAN
-118.38,33.93,52.0,1271.0,246.0,833.0,245.0,4.0917,198300.0,<1H OCEAN
-119.05,36.08,18.0,1274,293,745,267,3.2167,126700.0,<1H OCEAN
-118.3,34.06,42.0,1343.0,298.0,764.0,277.0,4.1558,207000.0,<1H OCEAN
-118.3,33.89,40.0,2925.0,762.0,2212.0,707.0,3.75,500001.0,<1H OCEAN
-119.61,36.31,38.0,1015.0,259.0,862.0,222.0,3.4375,108300.0,<1H OCEAN
-118.32,34.19,36.0,2078.0,448.0,1377.0,432.0,3.0647,263400.0,<1H OCEAN
-118.46,34.2,40.0,2661.0,536.0,1789.0,501.0,5.1271,500000.0,<1H OCEAN
-118.28,33.91,37.0,1237.0,236.0,862.0,241.0,3.625,169200.0,<1H OCEAN
-122.44,38.25,44.0,1231.0,237.0,734.0,227.0,3.2075,156300.0,NEAR BAY
-117.06,32.71,36.0,1732.0,309.0,1030.0,302.0,2.6964,121100.0,<1H OCEAN
-118.47,34.08,42.0,2115.0,343.0,1147.0,333.0,3.36,191200.0,<1H OCEAN
-118.2,34.05,38.0,2381.0,463.0,1407.0,424.0,3.1333,167500.0,<1H OCEAN
-119.86,36.76,24.0,1104.0,225.0,722.0,218.0,2.3648,87500.0,NEAR BAY
-119.03,35.37,10.0,4740.0,887.0,2702.0,839.0,3.4517,123500.0,<1H OCEAN
-118.06,33.82,46.0,1627.0,429.0,1233.0,371.0,3.0278,232100.0,&lt;1H OCEAN&gt;
-119.86,34.42,15.0,3214.0,534.0,1753.0,498.0,3.7547,171700.0,<1H OCEAN
-118.34,33.91,31.0,1246,320,1052,307,4.9444,205100.0,<1H OCEAN
-117.04,33.14,26.0,1378.0,275.0,922.0,239.0,3.682,144300.0,<1H OCEAN
-119.43,36.58,15.0,3655.0,760.0,1846.0,691.0,4.1375,149400.0,<1H OCEAN
-119.32,35.62,27.0,1108.0,241.0,624.0,224.0,2.2708,71600.0,<1H OCEAN
-118.28,33.98,52.0,2229.0,434.0,1216.0,425.0,2.875,105700.0,<1H OCEAN
-121.97,37.36,16.0,3494.0,503.0,1846.0,498.0,3.344,148500.0,<1H OCEAN
-118.25,34.07,52.0,3139.0,691.0,2153.0,633.0,3.8784,166900.0,<1H OCEAN
-118.33,34.08,52.0,1133.0,286.0,1092.0,281.0,3.2948,172200.0,<1H OCEAN
-121.89,37.29,38.0,3299.0,568.0,1663.0,501.0,3.87,161900.0,<1H OCEAN
-118.47,34.05,42.0,1237.0,237.0,699.0,227.0,3.4524,197000.0,<1H OCEAN
-119.2,34.17,18.0,2388.0,429.0,1234.0,416.0,3.1481,137400.0,<1H OCEAN
-119.59,36.31,28.0,1793.0,317.0,914.0,282.0,4.0833,155300.0,<1H OCEAN
-119.71,36.77,20.0,2621.0,548.0,1535.0,499.0,2.875,84700.0,<1H OCEAN
-117.05,32.67,16.0,2921.0,568.0,1535,535,5.1782,143500.0,<1H OCEAN
-118.04,34.08,48.0,2171.0,541.0,2156.0,505.0,3.8571,221900.0,<1H OCEAN
-117.08,33.02,24.0,2176.0,334.0,1115.0,341.0,3.1029,104700.0,<1H OCEAN
-118.34,33.94,45.0,943,213,576,204,4.1518,205100.0,<1H OCEAN
-118.37,34.18,17.0,1715.0,259.0,730.0,241.0,4.6654,227900.0,<1H OCEAN
-119.79,36.76,41.0,1578.0,337.0,1105.0,322.0,3.7969,113400.0,<1H OCEAN
-119.16,34.18,11.0,2182,478,947,429,3.7321,186800.0,<1H OCEAN
-121.98,37.34,15.0,2879.0,461.0,1329.0,460.0,5.5245,218600.0,<1H OCEAN
-122.08,37.39,52.0,1829.0,331.0,967.0,331.0,3.6,212100.0,NEAR BAY
-119.87,36.72,40.0,750.0,191.0,413.0,156.0,2.8793,78700.0,<1H OCEAN
-119.28,35.76,17.0,1177.0,194.0,620.0,191.0,2.2266,62500.0,<1H OCEAN
-119.63,36.74,49.0,2063.0,361.0,1673.0,355.0,2.1071,81900.0,<1H OCEAN
-119.56,37.99,52.0,1497.0,322.0,1067.0,322.0,3.125,142500.0,<1H OCEAN
-118.33,33.93,40.0,2044.0,493.0,1578.0,462.0,3.2667,166700.0,<1H OCEAN
-118.16,33.94,28.0,2934.0,703.0,1703.0,648.0,4.0036,194500.0,<1H OCEAN
-118.38,33.92,13.0,479.0,89.0,321.0,85.0,3.8462,189200.0,<1H OCEAN
-118.3,33.91,23.0,2484.0,391.0,1211,394,3.2371,150300.0,<1H OCEAN
-121.99,37.32,16.0,1725.0,280.0,794.0,246.0,4.0132,146300.0,<1H OCEAN
-117.06,32.71,32.0,2664.0,582.0,2093.0,528.0,3.2717,144300.0,<1H OCEAN
-118.06,33.99,38.0,1285.0,309.0,1004.0,282.0,2.875,161700.0,<1H OCEAN
-121.98,37.38,52.0,1674.0,357.0,1073.0,355.0,2.98,105800.0,<1H OCEAN
-117.07,32.75,39.0,1126.0,187.0,502.0,174.0,3.6023,190200.0,<1H OCEAN
-118.41,34.07,20.0,1097.0,201.0,693.0,200.0,3.6729,191800.0,<1H OCEAN
-119.8,36.78,23.0,1297.0,304.0,914.0,293.0,2.344,125000.0,<1H OCEAN
-119.63,36.72,26.0,2110.0,393.0,990.0,372.0,3.21,86300.0,<1H OCEAN
-118.37,33.94,36.0,1834.0,337.0,1151.0,319.0,2.3571,125000.0,<1H OCEAN
-118.3,34.08,44.0,3573.0,828.0,2425.0,798.0,3.3042,225000.0,<1H OCEAN
-119.71,36.77,20.0,774,144,423,146,2.4531,87500.0,<1H OCEAN
-122.43,37.67,40.0,1679.0,321.0,942.0,307.0,4.1979,260600.0,NEAR BAY
-119.21,34.23,21.0,2322.0,441.0,1292.0,443.0,3.8462,120600.0,<1H OCEAN
-119.59,36.07,20.0,1523.0,322.0,702.0,292.0,1.8571,101500.0,<1H OCEAN
-118.3,34.07,47.0,1410.0,239.0,722.0,238.0,2.5536,145600.0,<1H OCEAN
-119.83,36.76,52.0,1581.0,316.0,914.0,314.0,2.2945,94600.0,<1H OCEAN
-119.76,34.41,17.0,6034.0,1127.0,3700.0,1075.0,2.7031,125000.0,<1H OCEAN
-119.71,36.77,35.0,1246.0,307.0,1083.0,305.0,1.6736,151400.0,<1H OCEAN
-116.93,32.76,17.0,2046.0,429.0,1458.0,421.0,2.4464,109700.0,<1H OCEAN
-117.04,32.71,37.0,3476.0,617.0,2094,589,4.0125,183900.0,<1H OCEAN
-120.88,37.6,15.0,2138.0,397.0,1121.0,384.0,1.6429,500001.0,<1H OCEAN
-123.22,40.22,22.0,1659.0,466.0,1259.0,431.0,2.6023,81100.0,<1H OCEAN
-121.69,39.74,25.0,1672.0,301.0,914.0,288.0,3.4489,143000.0,<1H OCEAN
-119.07,34.21,37.0,853.0,177.0,625.0,174.0,2.875,86400.0,<1H OCEAN
-119.84,36.79,36.0,1012.0,240.0,825.0,212.0,2.4118,47300.0,<1H OCEAN
-118.05,33.82,43.0,1599,369,1108,347,2.5104,148500.0,<1H OCEAN
-117.86,34.11,15.0,1935.0,406.0,1530.0,390.0,3.4917,166400.0,<1H OCEAN
-119.03,35.38,18.0,1075.0,173.0,489.0,155.0,3.125,137500.0,<1H OCEAN
-118.19,34.15,35.0,1631.0,263.0,1175.0,260.0,3.692,214500.0,<1H OCEAN
-117.0,32.67,19.0,3340.0,656.0,2054.0,626.0,3.105,142100.0,<1H OCEAN
-117.16,32.76,21.0,2281.0,390.0,1096,358,2.206,113400.0,<1H OCEAN
-119.72,36.77,35.0,1445.0,350.0,1098.0,328.0,3.7188,158900.0,NEAR OCEAN
-118.19,33.89,36.0,1461.0,315.0,1223.0,303.0,4.1194,223800.0,<1H OCEAN
-118.35,34.07,30.0,3699,761,2009,728,2.785,147100.0,<1H OCEAN
-119.79,36.83,31.0,1776.0,363.0,1174.0,369.0,2.8958,103000.0,<1H OCEAN
-119.2,34.27,38.0,1912.0,396.0,1229.0,388.0,2.21,118800.0,<1H OCEAN
-118.34,33.94,20.0,2483.0,726.0,1912.0,700.0,4.1625,287400.0,<1H OCEAN
-118.24,34.05,42.0,2820.0,680.0,1951.0,633.0,3.3,183200.0,<1H OCEAN
-119.09,34.20,8.0,3455.0,661.0,2257.0,643.0,4.1615,196300.0,<1H OCEAN
-121.44,38.54,15.0,2801.0,531.0,1246.0,438.0,3.3936,166700.0,<1H OCEAN
-118.22,33.8,52.0,1917.0,329.0,1650.0,331.0,4.0368,295600.0,<1H OCEAN
-118.28,34.08,36.0,2244.0,433.0,1365.0,405.0,3.7312,319400.0,<1H OCEAN
-121.83,37.96,18.0,1584.0,448.0,1417.0,447.0,4.0635,138200.0,<1H OCEAN
-117.73,33.56,15.0,1804.0,337.0,892.0,331.0,4.2768,214300.0,<1H OCEAN
-121.2,38.91,19.0,1312.0,235.0,558.0,214.0,2.6944,105200.0,<1H OCEAN
-119.44,36.65,26.0,1628.0,378.0,1409.0,367.0,2.6528,103100.0,<1H OCEAN
-118.48,34.02,39.0,1212.0,200.0,664.0,168.0,3.1287,219800.0,<1H OCEAN
-118.23,33.98,33.0,1819.0,468.0,1315.0,461.0,4.1071,232400.0,<1H OCEAN
-118.3,34.09,26.0,2781.0,787.0,2434.0,765.0,3.2852,179200.0,<1H OCEAN
-122.27,37.87,52.0,1380.0,306.0,1016.0,298.0,4.1518,94500.0,<1H OCEAN
-118.24,34.13,52.0,1530.0,312.0,680.0,303.0,3.5482,217000.0,<1H OCEAN
-118.33,33.9,20.0,1356.0,429.0,1505,434,2.9357,118800.0,<1H OCEAN
-117.17,32.72,17.0,3957.0,738.0,2362.0,728.0,4.0226,171400.0,<1H OCEAN
-119.43,36.5,17.0,1539.0,340.0,814.0,296.0,3.4917,125000.0,<1H OCEAN
-117.2,32.79,52.0,1914.0,355.0,808.0,344.0,3.0635,153100.0,<1H OCEAN
-118.34,33.91,17.0,2910.0,529.0,1479.0,500.0,4.2766,311500.0,<1H OCEAN
-119.85,36.73,46.0,1282.0,216.0,742.0,219.0,1.9792,62500.0,<1H OCEAN
-117.06,32.71,35.0,2157.0,413.0,1115.0,394.0,4.375,203800.0,<1H OCEAN
-119.83,36.78,15.0,2555.0,370.0,1243.0,339.0,2.3661,119400.0,<1H OCEAN
-119.01,36.14,43.0,2365.0,463.0,1310.0,437.0,2.3981,117200.0,<1H OCEAN
-118.29,34.05,36.0,1537.0,322.0,1167.0,305.0,3.6027,339900.0,<1H OCEAN
-117.07,32.71,34.0,3032.0,448.0,1387.0,431.0,2.8621,138200.0,<1H OCEAN
-117.14,32.76,15.0,1445.0,256.0,763.0,248.0,6.0333,300700.0,<1H OCEAN
-118.28,33.91,35.0,1666.0,408.0,1062.0,371.0,3.2061,187500.0,<1H OCEAN
-118.31,33.94,38.0,2011.0,454.0,1187.0,417.0,4.1597,211300.0,<1H OCEAN
-117.02,32.71,25.0,2339.0,366.0,1213.0,348.0,5.1047,171700.0,<1H OCEAN
-120.67,35.47,16.0,2005.0,463.0,1283.0,466.0,4.1935,157700.0,<1H OCEAN
-119.05,34.2,18.0,1501.0,337.0,1015.0,322.0,3.0167,103000.0,<1H OCEAN
-117.91,34.05,17.0,1873.0,380.0,1164.0,357.0,3.7885,173000.0,<1H OCEAN
-118.36,34.11,39.0,5065.0,1056.0,2815.0,1039.0,5.1383,293800.0,<1H OCEAN
-117.04,32.79,36.0,1544.0,329.0,1077.0,335.0,2.9464,142000.0,<1H OCEAN
-118.24,34.14,52.0,1265.0,320.0,1008.0,322.0,2.3661,174200.0,<1H OCEAN
-121.98,37.38,16.0,2763.0,540.0,1747.0,503.0,4.8206,262500.0,NEAR BAY
-118.38,34.03,26.0,1690.0,271.0,803,246,5.4653,284700.0,<1H OCEAN
-122.52,38.01,37.0,2313.0,485.0,1317.0,446.0,4.2981,288700.0,NEAR BAY
-117.6,34.0,26.0,4491.0,775.0,2307.0,696.0,5.3291,259200.0,<1H OCEAN
-119.73,36.83,24.0,1072.0,208.0,664.0,194.0,3.375,93300.0,<1H OCEAN
-119.58,36.31,19.0,2045.0,346.0,1114.0,337.0,3.7977,108900.0,<1H OCEAN
-119.09,34.17,28.0,619.0,164.0,593.0,167.0,3.2596,143800.0,<1H OCEAN
-117.53,33.88,16.0,2615.0,388.0,1005.0,385.0,5.2406,172200.0,<1H OCEAN
-118.15,33.81,43.0,2806.0,727.0,2259.0,728.0,2.1866,107200.0,<1H OCEAN
-119.47,36.61,26.0,1484.0,297.0,817.0,292.0,2.2054,70900.0,<1H OCEAN
-118.47,34.05,12.0,3650.0,1058.0,3067.0,1013.0,3.548,318600.0,<1H OCEAN
-121.67,36.73,20.0,2071.0,410.0,946.0,392.0,2.0714,111400.0,INLAND
-117.02,32.71,33.0,2661.0,437.0,1339.0,434.0,3.7862,196900.0,<1H OCEAN
-120.44,34.64,34.0,2511.0,563.0,1916.0,541.0,3.4792,124100.0,<1H OCEAN
-118.02,33.87,47.0,2552.0,616.0,1887.0,616.0,1.7109,100000.0,<1H OCEAN
-122.42,37.79,52.0,2717.0,522.0,1578.0,435.0,2.5,106300.0,NEAR BAY
-118.36,34.06,36.0,674.0,157.0,422.0,153.0,3.9688,189200.0,<1H OCEAN
-118.14,33.77,52.0,3100.0,680.0,1759.0,590.0,2.9505,163200.0,<1H OCEAN
-115.55,32.79,52.0,2091.0,436.0,1648.0,451.0,3.5458,500001.0,<1H OCEAN
-118.48,34.07,16.0,1379.0,236.0,1071.0,216.0,5.051,176300.0,<1H OCEAN
-118.37,34.10,38.0,1986.0,394.0,1432.0,379.0,2.7679,178500.0,<1H OCEAN
-118.06,33.86,46.0,1777,305,741,303,2.7083,118800.0,<1H OCEAN
-118.15,33.94,35.0,912,196,695,181,4.3,238400.0,<1H OCEAN
-118.31,33.76,52.0,2232.0,554.0,2103.0,532.0,3.125,137500.0,<1H OCEAN
-118.3,33.9,30.0,1315.0,333.0,1452.0,328.0,4.7585,187500.0,<1H OCEAN
-117.32,33.99,33.0,2058.0,315.0,1130.0,301.0,2.7241,100000.0,<1H OCEAN
-118.4,34.08,45.0,1575.0,301.0,1113.0,282.0,2.8714,180800.0,<1H OCEAN
-118.29,33.73,27.0,1544.0,337.0,1382.0,322.0,3.3583,146500.0,<1H OCEAN
-117.47,33.92,12.0,2351,417,1255,401,4.375,237500.0,<1H OCEAN
-118.4,33.93,37.0,1920.0,316.0,1037.0,292.0,2.4605,134100.0,<1H OCEAN
-121.9904,38.4377,25.0,1677.0,361.0,840.0,356.0,3.4375,106700.0,<1H OCEAN
-117.34,34.05,26.0,3785.0,736.0,2084.0,700.0,4.0667,245100.0,<1H OCEAN
-117.03,32.83,17.0,4829.0,1057.0,2469.0,1012.0,4.1194,193200.0,<1H OCEAN
-118.44,34.02,29.0,1478.0,272.0,1091.0,264.0,3.5854,236200.0,<1H OCEAN
-118.4,34.16,36.0,1268.0,245.0,848.0,228.0,3.875,216600.0,<1H OCEAN
-118.41,34.19,38.0,815,211,696,204,4.725,412500.0,<1H OCEAN
-119.49,36.31,25.0,2238.0,459.0,1566.0,428.0,3.4458,119400.0,<1H OCEAN
-119.59,36.43,35.0,1623.0,315.0,1195.0,308.0,4.3147,174100.0,<1H OCEAN
-119.94,37.48,52.0,1820.0,300.0,806.0,270.0,3.5,81900.0,<1H OCEAN
-118.38,33.93,29.0,3821.0,736.0,2717.0,721.0,2.5795,182100.0,<1H OCEAN
-118.26,34.05,37.0,1608.0,364.0,1241.0,326.0,2.0684,500001.0,<1H OCEAN
-120.98,37.57,17.0,1550.0,316.0,969.0,307.0,3.7679,137500.0,<1H OCEAN
-118.32,33.9,25.0,3178.0,533.0,1410.0,501.0,3.6857,197100.0,<1H OCEAN
-118.01,33.85,38.0,1490.0,316.0,1009.0,298.0,2.5714,83100.0,<1H OCEAN
-121.29,37.99,20.0,2434.0,465.0,1318.0,449.0,3.2823,191700.0,<1H OCEAN
-118.28,34.08,30.0,2261.0,484.0,1749.0,462.0,3.3899,343100.0,<1H OCEAN
-118.14,33.77,32.0,5316.0,1084.0,3435.0,1024.0,4.7292,186800.0,<1H OCEAN
-121.68,36.67,15.0,1306.0,255.0,693.0,246.0,4.8421,183800.0,<1H OCEAN
-122.45,37.75,52.0,1820.0,300.0,806.0,270.0,1.5284,500001.0,NEAR BAY
-118.36,34.08,48.0,746.0,219.0,939.0,211.0,3.1392,200.8,<1H OCEAN
-118.32,34.08,29.0,1540.0,279.0,726.0,244.0,1.9063,500001.0,<1H OCEAN
-118.45,34.05,15.0,1590.0,413.0,1759.0,407.0,4.474,323100.0,<1H OCEAN
-119.69,36.75,36.0,1212.0,212.0,654.0,218.0,2.5847,88500.0,<1H OCEAN
-118.16,33.77,52.0,1071.0,211.0,481.0,190.0,2.425,116700.0,<1H OCEAN
-119.75,36.79,23.0,1865.0,328.0,802.0,303.0,3.7969,122900.0,<1H OCEAN
-118.18,34.07,42.0,1672.0,306.0,1200.0,298.0,3.3036,150000.0,<1H OCEAN
-120.77,37.67,15.0,1962.0,426.0,1536.0,435.0,3.5667,187300.0,<1H OCEAN
-118.31,34.09,43.0,1297.0,233.0,581.0,215.0,3.0476,240200.0,<1H OCEAN
-118.4,34.08,52.0,1628.0,345.0,1703.0,341.0,3.09,203800.0,<1H OCEAN
-120.56,37.96,27.0,2333,496,1630,474,2.5877,112500.0,<1H OCEAN
-118.42,34.11,32.0,4899.0,1331.0,2915.0,1187.0,4.0288,174800.0,<1H OCEAN
-119.6,36.7,32.0,1838.0,410.0,1153.0,397.0,2.3299,107000.0,<1H OCEAN
-117.13,32.71,17.0,2874.0,554.0,1602,534,2.9577,79600.0,<1H OCEAN
-118.17,34.06,52.0,1433,316,1097,302,4.1982,118800.0,<1H OCEAN
-118.35,33.93,39.0,1470,305,1152,282,3.3086,178100.0,<1H OCEAN
-117.22,32.77,21.0,2223.0,372.0,1225.0,328.0,3.1145,143900.0,<1H OCEAN
-118.25,34.02,29.0,2625.0,533.0,1489.0,505.0,4.875,228600.0,<1H OCEAN
-119.71,36.77,30.0,1353.0,219.0,601.0,218.0,2.8226,94400.0,<1H OCEAN
-119.55,36.56,37.0,1199.0,222.0,672.0,196.0,3.0417,95900.0,<1H OCEAN
-118.24,34.04,36.0,2272.0,374.0,1390.0,366.0,3.4326,202000.0,<1H OCEAN
-118.3,34.07,28.0,3115.0,666.0,1842.0,628.0,2.3088,179500.0,<1H OCEAN
-118.3,34.1,32.0,1506,327,1326,303,2.1675,150700.0,<1H OCEAN
-119.82,36.83,20.0,1651.0,372.0,1039.0,352.0,2.75,94700.0,<1H OCEAN
-122.23,37.5,43.0,1564,351,710,339,2.7042,66900.0,NEAR BAY
-119.0,34.09,25.0,2014.0,339.0,1029.0,335.0,2.4648,144100.0,<1H OCEAN
-119.24,34.28,15.0,3246.0,746.0,2443.0,725.0,4.4579,166300.0,<1H OCEAN
-118.33,34.10,29.0,1249.0,303.0,1360.0,293.0,3.2386,177400.0,<1H OCEAN
-119.67,36.33,28.0,2202.0,358.0,1065.0,344.0,4.3906,123400.0,NEAR BAY
-118.34,34.08,26.0,1487.0,369.0,1015.0,352.0,2.4265,178500.0,<1H OCEAN
-119.07,34.19,17.0,2438.0,515.0,1507.0,471.0,4.2708,198400.0,<1H OCEAN
-122.24,37.47,43.0,1259,244,946,227,3.8644,106300.0,NEAR BAY
-119.55,36.22,18.0,1967.0,480.0,1368.0,459.0,2.1394,94500.0,INLAND
-118.49,34.22,42.0,2279,430,1085,414,4.9773,183800.0,<1H OCEAN
-118.22,34.14,17.0,2069.0,357.0,1213.0,346.0,3.7517,122300.0,<1H OCEAN
-118.34,34.08,30.0,4336.0,1001.0,2708.0,971.0,2.5625,176600.0,<1H OCEAN
-118.23,33.94,42.0,1734,460,1613,403,3.9453,197500.0,<1H OCEAN
-118.24,34.05,45.0,1437.0,229.0,658.0,215.0,4.9509,214100.0,<1H OCEAN
-118.38,34.05,35.0,2085.0,407.0,1199.0,358.0,5.2312,351300.0,<1H OCEAN
-119.78,36.71,38.0,1827.0,311.0,1442.0,313.0,3.7014,172200.0,<1H OCEAN
-120.95,37.53,24.0,1380.0,322.0,890.0,306.0,2.6094,89100.0,INLAND
-118.2,33.82,38.0,3129.0,659.0,2300.0,623.0,4.0094,304700.0,<1H OCEAN
-118.28,34.08,52.0,3584.0,784.0,2159.0,765.0,2.5,178100.0,<1H OCEAN
-117.97,33.93,34.0,1473.0,272.0,834.0,261.0,3.4821,174100.0,<1H OCEAN
-118.3,34.08,28.0,2858.0,502.0,1361.0,472.0,4.102,216600.0,<1H OCEAN
-117.16,32.76,10.0,891,168,549,165,4.6341,187500.0,<1H OCEAN
-121.3,38.61,18.0,6005.0,1082.0,4290.0,1053.0,4.625,196100.0,<1H OCEAN
-118.4,34.14,27.0,2527.0,468.0,1604.0,457.0,3.875,256400.0,<1H OCEAN
-121.92,37.24,16.0,1073.0,202.0,672.0,194.0,3.8235,128800.0,<1H OCEAN
-117.94,33.67,52.0,1798.0,371.0,972.0,347.0,2.8263,78400.0,<1H OCEAN
-119.68,34.43,33.0,1866.0,362.0,1235.0,354.0,3.092,120600.0,<1H OCEAN
-120.7,35.49,27.0,2663.0,601.0,1857.0,563.0,3.2679,107800.0,<1H OCEAN
-118.42,34.05,52.0,2192.0,479.0,1374.0,465.0,3.5694,500001.0,<1H OCEAN
-121.33,38.02,12.0,1265.0,246.0,1073.0,237.0,4.2097,141500.0,<1H OCEAN
-118.14,33.76,35.0,2634.0,595.0,1396.0,587.0,3.2386,179200.0,<1H OCEAN
-119.15,34.16,16.0,1703.0,370.0,1131.0,343.0,2.9531,93100.0,<1H OCEAN
-123.86,39.44,14.0,6912.0,1269.0,4603.0,1167.0,3.5833,237500.0,NEAR_OCEAN
-118.43,34.21,47.0,1476.0,588.0,1341.0,548.0,2.8047,142700.0,<1H OCEAN
-118.27,33.91,35.0,1632,426,1134,397,3.1917,157900.0,<1H OCEAN
-117.06,32.71,33.0,2152.0,461.0,2015.0,446.0,4.4053,206900.0,NEAR BAY
-117.44,34.10,33.0,2702.0,535.0,1555.0,476.0,5.2893,185100.0,<1H OCEAN
-118.44,34.23,25.0,2091.0,449.0,1349.0,422.0,5.0194,265400.0,<1H OCEAN
-118.33,33.93,29.0,2999.0,736.0,2194.0,684.0,2.825,128800.0,<1H OCEAN
-118.22,34.06,44.0,1708.0,375.0,905.0,341.0,4.422,265300.0,<1H OCEAN
-119.46,36.96,15.0,2291.0,515.0,1579.0,512.0,3.4857,135000.0,<1H OCEAN
-120.97,37.68,15.0,2384,492,1412,448,4.375,119500.0,<1H OCEAN
-121.35,39.45,22.0,1678.0,376.0,914.0,355.0,2.6635,116100.0,<1H OCEAN
-119.43,34.08,15.0,3666.0,1001.0,2845.0,987.0,4.1889,134400.0,<1H OCEAN
-119.72,36.77,47.0,1219,307.0,690,256,2.875,100000.0,<1H OCEAN
-117.71,33.57,26.0,3601.0,703.0,2423.0,653.0,2.996,153500.0,<1H OCEAN
-118.32,33.96,38.0,6385.0,1269.0,6731.0,1217.0,3.9464,215400.0,<1H OCEAN
-119.17,34.18,18.0,1351.0,304.0,775.0,283.0,3.1389,136400.0,<1H OCEAN
-119.85,36.74,19.0,1123.0,199.0,474.0,173.0,4.1675,146300.0,<1H OCEAN
-118.28,34.08,52.0,2222.0,403.0,1472.0,391.0,3.925,211500.0,<1H OCEAN
-119.54,34.38,21.0,1683.0,275.0,1007.0,271.0,3.5484,132100.0,<1H OCEAN
-117.81,34.15,17.0,747.0,166.0,469.0,155.0,4.2794,180500.0,<1H OCEAN
-121.88,37.67,16.0,3033,599,1551,576,4.9038,187900.0,<1H OCEAN
-118.23,34.12,34.0,1860.0,393.0,945.0,372.0,2.7147,142300.0,<1H OCEAN
-118.09,33.91,45.0,2666.0,621.0,1786.0,569.0,3.125,163000.0,<1H OCEAN
-119.18,34.16,33.0,1330.0,272.0,775.0,267.0,3.3226,137500.0,<1H OCEAN
-118.48,34.04,49.0,1955.0,408.0,1229.0,384.0,2.5755,329200.0,<1H OCEAN
-118.15,34.09,22.0,3326.0,762.0,1982.0,749.0,4.0813,161900.0,<1H OCEAN
-118.38,33.92,15.0,1324.0,244.0,765.0,219.0,4.0667,222100.0,<1H OCEAN
-116.91,32.75,52.0,2673.0,565.0,1632.0,501.0,2.6327,101400.0,<1H OCEAN
-119.63,34.42,18.0,3409.0,585.0,1759.0,595.0,3.1042,123400.0,<1H OCEAN
-121.27,37.98,38.0,891.0,195.0,633.0,197.0,2.0917,125000.0,<1H OCEAN
-119.59,36.31,26.0,1232.0,249.0,768.0,244.0,3.125,97900.0,<1H OCEAN
-118.39,33.92,16.0,1331.0,221.0,719.0,215.0,5.2706,500001.0,<1H OCEAN
-118.29,34.03,36.0,1175.0,319.0,962.0,313.0,2.605,126300.0,<1H OCEAN
-118.45,34.04,19.0,2193.0,422.0,1301.0,411.0,4.4861,242200.0,<1H OCEAN
-118.39,34.13,44.0,1411.0,407.0,1039.0,390.0,1.5272,76300.0,<1H OCEAN
-119.64,36.92,20.0,1770.0,384.0,1064.0,355.0,1.975,500001.0,<1H OCEAN
-118.38,34.08,52.0,1501.0,370.0,1172.0,358.0,3.67,223100.0,<1H OCEAN
-121.98,37.38,52.0,1825.0,274.0,786.0,270.0,2.6528,107000.0,<1H OCEAN
-118.37,34.13,42.0,1941.0,443.0,1449.0,436.0,3.9688,143300.0,<1H OCEAN
-118.38,34.07,36.0,1514.0,272.0,1234.0,252.0,2.8566,123100.0,<1H OCEAN
-120.99,38.73,17.0,2969.0,623.0,1795,576,3.012,108300.0,<1H OCEAN
-118.33,34.08,13.0,3069.0,547.0,1960.0,518.0,4.1462,270400.0,<1H OCEAN
-118.31,34.05,29.0,1938.0,502.0,1721.0,489.0,3.8911,303800.0,<1H OCEAN
-119.85,36.72,38.0,3791.0,717.0,2677.0,645.0,2.4286,87600.0,<1H OCEAN
-117.08,32.63,18.0,5557.0,1073.0,3329,1036,3.1414,121900.0,<1H OCEAN
-118.47,34.03,36.0,5067.0,1065.0,2656.0,1025.0,3.1575,500001.0,<1H OCEAN
-119.0,35.37,16.0,2014.0,431.0,1069.0,379.0,2.3935,93700.0,<1H OCEAN
-118.41,34.06,46.0,1549.0,342.0,1181.0,322.0,3.938,210800.0,<1H OCEAN
-120.92,37.55,23.0,3315.0,755.0,2445.0,708.0,3.3071,144800.0,<1H OCEAN
-119.7,36.82,30.0,2760.0,405.0,1004.0,374.0,2.0588,98200.0,<1H OCEAN
-118.28,34.12,39.0,1566.0,429.0,1058.0,395.0,3.1912,158300.0,<1H OCEAN
-118.13,33.84,27.0,1583,329,1078,335,2.5952,500001.0,<1H OCEAN
-122.21,37.78,52.0,2694,501,1157,479,4.3667,305400.0,NEAR BAY
-118.02,34.11,40.0,2626.0,507.0,1314.0,489.0,3.6729,195300.0,<1H OCEAN
-119.78,36.76,18.0,2677.0,504.0,1705.0,463.0,3.7328,167400.0,<1H OCEAN
-118.44,34.02,42.0,2277.0,401.0,1075.0,408.0,2.8947,97800.0,<1H OCEAN
-117.06,32.71,30.0,2034.0,312.0,1050.0,294.0,2.6725,88500.0,<1H OCEAN
-117.08,32.71,35.0,1682.0,392.0,1649.0,375.0,4.4785,147900.0,<1H OCEAN
-119.44,36.87,26.0,1693.0,319.0,719.0,298.0,2.3661,81300.0,<1H OCEAN
-118.28,34.08,46.0,900,193,678,174,2.6708,128500.0,<1H OCEAN
-118.28,34.01,33.0,1537.0,290.0,1121.0,285.0,3.7312,198500.0,<1H OCEAN
-117.11,32.73,16.0,2087.0,454.0,2037.0,439.0,4.2742,205600.0,<1H OCEAN
-118.27,33.9,34.0,4359,802,2104,786,3.1638,500001.0,<1H OCEAN
-118.35,34.02,37.0,2359.0,423.0,1309.0,417.0,4.0726,258100.0,<1H OCEAN
-118.11,33.83,36.0,2904.0,786.0,2438.0,781.0,2.9028,158300.0,<1H OCEAN
-118.44,34.09,45.0,1451.0,372.0,1462.0,371.0,3.125,156900.0,<1H OCEAN
-119.8,36.78,52.0,1024.0,190.0,495.0,179.0,1.4477,500001.0,<1H OCEAN
-119.44,36.53,19.0,4380.0,1038.0,3071.0,925.0,2.875,151500.0,<1H OCEAN
-118.0,33.77,37.0,3960.0,901.0,2716.0,896.0,3.18,189700.0,<1H OCEAN
-118.42,34.09,33.0,2491,429,1231,437,3.1818,193200.0,<1H OCEAN
-118.33,34.09,25.0,3307.0,744.0,1537.0,727.0,3.6,171400.0,<1H OCEAN
-122.29,37.88,52.0,1008.0,215.0,601.0,188.0,2.375,212500.0,NEAR BAY
-117.33,34.10,27.0,1981.0,498.0,1662.0,479.0,4.1942,174500.0,<1H OCEAN
-118.42,34.04,26,2763,578,1820,568,3.375,179200.0,<1H OCEAN
-119.8,36.74,42.0,1365.0,222.0,725.0,214.0,3.2632,87200.0,<1H OCEAN
-118.38,33.91,22.0,3741.0,738.0,3479.0,731.0,4.7917,217700.0,<1H OCEAN
-118.08,34.09,43.0,1551.0,337.0,1100.0,303.0,3.07,185300.0,<1H OCEAN
-119.78,36.82,38.0,1339.0,198.0,728.0,219.0,2.026,72800.0,<1H OCEAN
-119.44,36.6,19.0,677,162.0,517.0,157.0,2.4464,107700.0,<1H OCEAN
-122.26,37.85,52.0,2511.0,609.0,1696.0,603.0,3.0347,500001.0,NEAR BAY
-118.38,34.07,26.0,2065.0,341.0,1175.0,356.0,5.9336,500001.0,<1H OCEAN
-118.23,34.04,34.0,996.0,271.0,766.0,263.0,2.9344,112500.0,<1H OCEAN
-118.33,33.91,39.0,1231.0,276.0,1207,258,2.625,169200.0,<1H OCEAN
-118.39,34.16,28.0,1312,278,1155,286,3.6538,212500.0,<1H OCEAN
-119.46,36.91,17.0,2418.0,341.0,762.0,328.0,3.0813,107200.0,<1H OCEAN
-117.49,33.92,14.0,2973.0,537.0,1360.0,500.0,2.1172,100000.0,<1H OCEAN
-117.04,32.99,32.0,4195.0,736.0,1731.0,739.0,5.366,232100.0,<1H OCEAN
-119.8,36.71,38.0,1019.0,221.0,847.0,224.0,3.1094,79000.0,<1H OCEAN
-122.26,37.84,16.0,1865,358,1020,344,3.7917,190200.0,NEAR BAY
-117.08,32.57,15.0,3326.0,536.0,2421.0,536.0,2.8194,157900.0,<1H OCEAN
-118.4,34.15,52.0,2204,446,1164,394,3.6548,373800.0,<1H OCEAN
-121.26,37.85,52.0,1426.0,326.0,851.0,292.0,3.1917,186300.0,<1H OCEAN
-119.21,34.26,15.0,1081.0,183.0,511.0,180.0,4.1029,196900.0,<1H OCEAN
-119.03,36.02,18.0,5978.0,1235.0,4273.0,1198.0,3.2097,153500.0,NEAR OCEAN
-118.44,34.04,44.0,1302,262,1099,271,3.3281,197200.0,<1H OCEAN
-118.31,33.89,43.0,2816.0,449.0,1635.0,437.0,1.9038,91800.0,<1H OCEAN
-118.38,33.92,28.0,2436.0,600.0,1680.0,564.0,3.8681,169100.0,<1H OCEAN
-119.79,36.78,43.0,3191.0,579.0,1668.0,514.0,2.7941,107100.0,<1H OCEAN
-119.01,36.06,25.0,1505.0,256.0,903.0,250.0,2.956,93800.0,<1H OCEAN
-117.18,32.73,22.0,1003.0,160.0,521.0,152.0,4.2632,181300.0,<1H OCEAN
-117.2,32.72,15.0,1882.0,327.0,1357.0,322.0,4.2482,166400.0,<1H OCEAN
-119.73,36.73,52.0,1524.0,293.0,852.0,293.0,2.375,112500.0,<1H OCEAN
-118.17,34.13,36.0,2227.0,431.0,1794.0,444.0,2.2237,500001.0,<1H OCEAN
-118.48,34.13,41.0,1664.0,404.0,1196.0,377.0,4.123,163000.0,<1H OCEAN
-118.16,33.83,35.0,1636.0,377.0,1483.0,342.0,4.6364,246300.0,<1H OCEAN
-119.03,35.34,16.0,2320.0,385.0,1351.0,356.0,3.0375,137600.0,<1H OCEAN
-117.01,32.91,22.0,1745.0,412.0,1015.0,366.0,3.7917,162500.0,<1H OCEAN
-117.07,32.60,9.0,2270.0,368.0,1163.0,336.0,5.4750,221000.0,<1H OCEAN
-122.16,37.77,52.0,2221.0,350.0,1004.0,322.0,3.2589,500001.0,NEAR BAY
-118.08,33.77,50.0,1295,335,1111,335,2.3814,121100.0,<1H OCEAN
-118.28,34.04,24.0,1520.0,413.0,1355.0,410.0,4.6654,472100.0,<1H OCEAN
-121.84,37.36,29.0,54.0,9.0,22.0,7.0,2.375,67500.0,<1H OCEAN
-122.05,37.35,27.0,3885.0,661.0,1537.0,606.0,6.6085,344700.0,NEAR BAY
-117.05,32.81,25.0,2339.0,379.0,1050.0,372.0,3.548,192700.0,NEAR OCEAN
-116.47,33.75,28.0,2154.0,539.0,1750.0,516.0,3.2432,140500.0,<1H OCEAN
-118.41,34.1,50.0,1040.0,231.0,674.0,215.0,4.0217,232400.0,<1H OCEAN
-118.19,33.89,37.0,2582,446,1050,433,3.1,157500.0,<1H OCEAN
-117.05,32.98,23.0,6667.0,1743.0,6931.0,1647.0,5.8626,251300.0,<1H OCEAN
-118.31,34.05,52.0,4534.0,843.0,2429.0,836.0,3.35,179800.0,<1H OCEAN
-119.55,36.22,20.0,1172.0,304.0,761.0,283.0,1.6528,67000.0,<1H OCEAN
-119.78,36.8,27.0,2047.0,433.0,1375.0,416.0,3.3056,139800.0,<1H OCEAN
-118.37,34.10,52.0,2158.0,365.0,1510.0,356.0,3.7022,197500.0,<1H OCEAN
-118.31,34.09,29.0,2015.0,348.0,1035.0,298.0,3.052,141200.0,<1H OCEAN
-118.25,34.05,23.0,1864.0,328.0,1083.0,303.0,3.5781,234300.0,<1H OCEAN
-118.1,33.77,52.0,1825.0,409.0,1174.0,408.0,3.625,155200.0,<1H OCEAN
-118.31,34.08,35.0,3284.0,727.0,2043.0,672.0,3.8958,203200.0,<1H OCEAN
-119.54,36.67,38.0,2176.0,343.0,1025.0,320.0,2.875,66100.0,<1H OCEAN
-119.6,36.31,52.0,1582.0,322.0,1027.0,317.0,3.9464,134100.0,<1H OCEAN
-121.9,37.24,30.0,1731.0,318.0,1024.0,303.0,3.2125,184300.0,<1H OCEAN
-121.25,37.82,52.0,1915.0,372.0,1166.0,352.0,2.042,98900.0,<1H OCEAN
-117.14,32.81,15.0,1952.0,373.0,1130.0,375.0,3.625,192300.0,<1H OCEAN
-118.34,33.91,23.0,903,203,926,218,3.375,191600.0,<1H OCEAN
-118.11,33.86,40.0,1395,307.0,1103,292,4.1518,344700.0,<1H OCEAN
-117.34,34.13,32.0,2326.0,483.0,1340.0,476.0,2.787,160600.0,<1H OCEAN
-118.37,34.08,46.0,1358.0,226.0,792.0,193.0,3.1917,120000.0,<1H OCEAN
-120.64,35.43,23.0,1500.0,372.0,962.0,361.0,4.375,231000.0,<1H OCEAN
-118.06,33.78,36.0,2513.0,605.0,2061.0,573.0,4.0326,200500.0,<1H OCEAN
-118.38,33.86,37.0,2061.0,370.0,1493.0,355.0,3.7125,245300.0,<1H OCEAN
-118.36,34.09,34.0,2291.0,553.0,1831.0,534.0,4.3691,198500.0,<1H OCEAN
-118.34,34.03,31.0,3122.0,774.0,2199,739,3.7857,172900.0,<1H OCEAN
-118.4,34.12,27.0,2596.0,444.0,1462.0,446.0,4.2059,309100.0,<1H OCEAN
-119.59,36.69,36.0,1052.0,223.0,717.0,225.0,3.075,73800.0,<1H OCEAN
-119.67,36.33,16.0,3643.0,596.0,2237.0,513.0,3.2371,108800.0,<1H OCEAN
-119.03,35.34,23.0,3089.0,692.0,1751.0,677.0,2.8214,75000.0,<1H OCEAN
-119.22,34.27,27.0,2327.0,431.0,1237.0,410.0,2.9643,132500.0,<1H OCEAN
-118.34,33.93,25.0,1434.0,277.0,728.0,244.0,3.3306000000000003,218600.0,<1H OCEAN
-117.11,32.73,28.0,1631.0,425.0,1315.0,413.0,3.7639,170600.0,<1H OCEAN
-118.3,34.14,33.0,4169.0,1037.0,2019.0,973.0,3.8462,217200.0,<1H OCEAN
-118.39,33.91,36.0,1952.0,491.0,1318.0,491.0,4.6312,230400.0,<1H OCEAN
-121.44,38.56,19.0,713,125,471,114,4.375,184200.0,<1H OCEAN
-117.59,34.12,38.0,1631.0,399.0,1021.0,366.0,2.2054,118800.0,<1H OCEAN
-117.03,32.71,33.0,2496.0,460.0,1312.0,461.0,3.4464,187500.0,<1H OCEAN
-118.51,34.0,50.0,1314.0,244.0,775.0,222.0,3.4191,152500.0,<1H OCEAN
-118.28,34.05,38.0,1331.0,255.0,853.0,226.0,2.875,137500.0,<1H OCEAN
-119.72,36.77,36.0,1199.0,307.0,936.0,302.0,2.9344,90400.0,<1H OCEAN
-122.3,39.09,28.0,2545.0,496.0,1418.0,465.0,2.3661,93400.0,INLAND
-121.0,38.0,52.0,1139.0,211.0,512.0,201.0,2.9643,114300.0,<1H OCEAN
-118.16,34.04,18.0,2704.0,423.0,1278.0,411.0,4.264,200500.0,<1H OCEAN
-118.03,33.83,42.0,2959.0,563.0,1493.0,518.0,3.6111,287700.0,<1H OCEAN
-119.44,36.86,22.0,3401.0,655.0,2259.0,642.0,2.8447,107700.0,<1H OCEAN
-118.24,34.06,52.0,1907.0,409.0,1412.0,372.0,2.8421,186200.0,<1H OCEAN
-116.52,33.87,16.0,2855.0,505.0,2038.0,452.0,1.6406,67900.0,<1H OCEAN
-121.98,37.29,30.0,1431.0,315.0,914.0,301.0,3.1458,163900.0,<1H OCEAN
-117.1,32.79,15.0,1810.0,431.0,1307.0,429.0,3.7644,192000.0,<1H OCEAN
-118.11,33.86,38.0,1444.0,254.0,659.0,239.0,2.3191,141100.0,<1H OCEAN
-118.4,34.12,29.0,2947.0,697.0,2144.0,664.0,3.875,335200.0,<1H OCEAN
-116.98,33.72,20.0,1483.0,305.0,1008,285,3.7917,103800.0,<1H OCEAN
-122.35,37.81,52.0,1794.0,391.0,805.0,348.0,3.4908,142100.0,NEAR BAY
-119.31,35.24,30.0,1775.0,326.0,990.0,317.0,3.2188,103400.0,<1H OCEAN
-122.43,38.23,45.0,2764,557,1347,479,2.9702,111400.0,NEAR BAY
-118.37,33.91,36.0,2226.0,332.0,1094.0,294.0,3.8696,238100.0,<1H OCEAN
-118.3,34.07,52.0,2392.0,415.0,1244.0,406.0,2.7174,109400.0,<1H OCEAN
-118.37,34.09,37.0,697,174.0,601,161,4.0574,183500.0,<1H OCEAN
-119.83,36.81,20.0,1507.0,285.0,813.0,277.0,1.88,500001.0,<1H OCEAN
-122.11,37.68,36.0,1616.0,289.0,851.0,279.0,4.1641,273800.0,NEAR BAY
-121.46,38.59,17.0,1666.0,292.0,789.0,278.0,2.5042,60000.0,<1H OCEAN
-118.46,34.07,52.0,1435.0,360.0,1203,354,3.5484,236100.0,<1H OCEAN
-119.03,34.37,15.0,3007.0,648.0,2400.0,625.0,1.9083,67500.0,<1H OCEAN
-118.35,34.01,35.0,1314.0,315.0,1230.0,270.0,3.3021,157200.0,<1H OCEAN
-119.46,35.14,17.0,1821.0,442.0,1004.0,431.0,4.625,186500.0,<1H OCEAN
-118.37,34.21,38.0,1898.0,412.0,1133.0,383.0,3.7647,300000.0,<1H OCEAN
-118.1,34.07,52.0,1321.0,354.0,1077.0,344.0,4.1042,163700.0,<1H OCEAN
-117.09,32.71,42.0,1275,251.0,698,241,3.2167,134800.0,<1H OCEAN
-118.46,34.02,46.0,2076.0,516.0,1404.0,482.0,3.2614,149200.0,<1H OCEAN
-117.03,32.71,33.0,1916.0,465.0,1612.0,433.0,4.4083,177800.0,<1H OCEAN
-118.43,34.2,29.0,1001.0,250.0,697.0,250.0,4.3864,239700.0,<1H OCEAN
-117.05,32.96,32.0,2012.0,449.0,1694.0,438.0,2.9926,100000.0,<1H OCEAN
-118.13,34.18,42.0,1722.0,299.0,914.0,288.0,2.8281,162500.0,<1H OCEAN
-118.3,33.82,41.0,2721.0,492.0,1658.0,510.0,2.871,158700.0,<1H OCEAN
-119.87,36.74,37.0,1022.0,191.0,691.0,188.0,2.6944,92100.0,<1H OCEAN
-117.04,32.75,22.0,2665.0,496.0,1377.0,473.0,3.6731,197700.0,<1H OCEAN
-119.05,35.34,16.0,2319.0,449.0,1349.0,416.0,2.1266,94700.0,<1H OCEAN
-117.33,33.15,15.0,1527.0,322.0,1065.0,317.0,3.9,193800.0,<1H OCEAN
-118.37,33.91,21.0,2247.0,374.0,1418.0,346.0,3.875,254400.0,<1H OCEAN
-118.39,34.18,48.0,1947.0,343.0,1333.0,320.0,2.875,178600.0,<1H OCEAN
-117.15,32.76,27.0,2484,464,1492,440,3.0368,130000.0,<1H OCEAN
-118.23,33.99,38.0,1680.0,322.0,978.0,322.0,3.028,153900.0,<1H OCEAN
-118.37,34.07,52.0,1901.0,417.0,1331.0,406.0,3.625,202200.0,<1H OCEAN
-117.92,33.68,26.0,1018.0,186.0,694.0,184.0,4.8462,173400.0,<1H OCEAN
-117.05,32.71,23.0,2903.0,595.0,2275.0,568.0,5.837,225700.0,<1H OCEAN
-118.02,33.82,52.0,2762,482,1537,455,3.9821,222400.0,<1H OCEAN
-117.97,33.72,24.0,1298.0,304.0,845.0,295.0,4.8462,159600.0,<1H OCEAN
-118.3,33.91,43.0,1429.0,313.0,1006.0,299.0,2.7937,102600.0,<1H OCEAN
-122.27,37.87,52.0,3045.0,578.0,1064.0,519.0,4.4141,210800.0,NEAR BAY
-119.57,36.45,16.0,1569.0,351.0,1158.0,342.0,2.875,77600.0,<1H OCEAN
-120.74,37.14,16.0,797.0,175.0,496.0,179.0,3.3214,103000.0,<1H OCEAN
-119.02,34.27,22.0,2035.0,374.0,1166.0,357.0,3.825,147100.0,<1H OCEAN
-119.71,36.73,15.0,5638.0,746.0,2220.0,734.0,3.7917,192300.0,<1H OCEAN
-122.22,37.77,52.0,3706.0,644.0,2317.0,633.0,3.7557,268500.0,<1H OCEAN
-118.25,34.12,41.0,1472.0,309.0,1402.0,287.0,2.5909,159800.0,<1H OCEAN
-118.26,34.05,41.0,1983.0,331.0,1074.0,326.0,2.8571,151500.0,<1H OCEAN
-119.81,36.71,19.0,1305.0,256.0,693.0,247.0,2.875,98300.0,NEAR OCEAN
-121.71,39.75,16.0,1777.0,327.0,1003.0,322.0,3.6429,155100.0,<1H OCEAN
-119.73,36.77,27.0,1327.0,303.0,809.0,277.0,3.6771,132000.0,<1H OCEAN
-119.75,36.79,23.0,2960.0,633.0,1935.0,551.0,2.2398,95000.0,<1H OCEAN
-119.81,36.74,41.0,1513,338,801,298,2.8214,109700.0,<1H OCEAN
-117.14,32.73,45.0,1305.0,398.0,1418.0,375.0,3.3083,96700.0,<1H OCEAN
-120.69,35.47,17.0,2224.0,400.0,1015.0,393.0,3.7312,125000.0,<1H OCEAN
-118.08,33.92,37.0,2937.0,562.0,2434.0,527.0,3.9167,166200.0,<1H OCEAN
-119.52,38.57,36.0,1964.0,372.0,1077.0,349.0,2.7147,104400.0,<1H OCEAN
-118.4,33.94,35.0,842.0,211.0,661.0,211.0,2.375,112500.0,<1H OCEAN
-119.45,36.06,52.0,2464.0,585.0,1446.0,479.0,3.0813,112500.0,NEAR BAY
-117.98,33.71,36.0,1745,300,1021,290,3.5841,202500.0,<1H OCEAN
-121.22,37.77,47.0,2055.0,428.0,1195.0,375.0,4.3854,177500.0,NEAR BAY
-118.21,34.17,17.0,2665.0,575.0,1869.0,557.0,6.0434,363800.0,<1H OCEAN
-118.08,33.96,27.0,2455.0,571.0,2917.0,534.0,4.0061,305400.0,&lt;1H OCEAN&gt;
-122.26,37.84,49.0,2060.0,482.0,1463.0,445.0,3.2127,182300.0,NEAR BAY
-117.49,34.04,11.0,2552.0,382.0,1173.0,371.0,4.664,164300.0,<1H OCEAN
-118.09,33.77,38.0,1442.0,261.0,669.0,259.0,4.47,221900.0,<1H OCEAN
-122.13,37.67,36.0,2660.0,464.0,1551.0,447.0,4.5625,212500.0,NEAR BAY
-117.26,34.00,18.0,1739.0,395.0,1251.0,372.0,4.1158,153500.0,<1H OCEAN
-119.59,36.74,25.0,1551.0,403.0,1056.0,405.0,1.975,66300.0,<1H OCEAN
-118.26,33.93,47.0,1228.0,370.0,1063.0,343.0,3.8713,214400.0,<1H OCEAN
-119.29,35.69,24.0,3601.0,542.0,1741.0,479.0,2.3438,77500.0,NEAR OCEAN
-118.31,34.09,21.0,1489.0,320.0,1071.0,322.0,4.75,247300.0,<1H OCEAN
-118.15,33.77,17.0,1607.0,337.0,847.0,320.0,4.0192,177600.0,<1H OCEAN
-121.29,38.58,52.0,1053.0,207.0,732.0,210.0,3.125,81300.0,<1H OCEAN
-121.89,37.33,17.0,2026.0,326.0,1087.0,322.0,3.0574,94600.0,<1H OCEAN
-121.9,36.6,20.0,1779.0,316.0,964.0,307.0,3.4375,142900.0,<1H OCEAN
-115.53,32.69,15.0,6401.0,1078.0,3644.0,1009.0,4.1234,258200.0,<1H OCEAN
-118.15,33.9,38.0,2089.0,461.0,1098.0,462.0,4.5865,205600.0,<1H OCEAN
-119.31,36.53,15.0,1576.0,319.0,1007.0,322.0,4.3472,187500.0,<1H OCEAN
-119.05,34.21,25.0,1462.0,350.0,1007.0,342.0,3.057,114300.0,<1H OCEAN
-120.97,37.66,27.0,1621.0,330.0,817.0,288.0,3.1036,146300.0,<1H OCEAN
-120.92,38.55,45.0,1583.0,348.0,924.0,335.0,2.973,104200.0,<1H OCEAN
-118.34,33.93,44.0,2409.0,485.0,1537.0,458.0,3.6042,207400.0,<1H OCEAN
-122.24,37.49,38.0,716.0,214.0,622.0,180.0,2.2453,118800.0,<1H OCEAN
-118.33,33.94,36.0,1606.0,270.0,1054.0,259.0,4.5875,168800.0,<1H OCEAN
-118.31,34.09,34.0,2277.0,466.0,1070.0,438.0,3.6042,143100.0,<1H OCEAN
-119.57,36.28,16.0,1841.0,301.0,1185.0,290.0,3.3656,135600.0,<1H OCEAN
-122.42,37.77,52.0,2505.0,507.0,1315.0,499.0,3.9312,250000.0,NEAR BAY
-118.37,34.08,52.0,1621,374,1079,343,2.7361,168000.0,<1H OCEAN
-119.55,36.58,17.0,4632.0,1000.0,2640.0,913.0,2.9157,123800.0,<1H OCEAN
-118.31,33.89,44.0,1110.0,262.0,761.0,231.0,2.875,157500.0,<1H OCEAN
-119.74,36.71,37.0,1431.0,291.0,782.0,271.0,3.0147,94600.0,<1H OCEAN
-118.3,34.07,22.0,3674.0,574.0,1751.0,534.0,3.3654,225000.0,<1H OCEAN
-118.45,34.05,36.0,1416.0,417.0,1105.0,420.0,3.5179,337100.0,<1H OCEAN
-118.09,34.04,36.0,1275.0,288.0,1083.0,273.0,2.9312,149700.0,<1H OCEAN
-118.01,33.86,52.0,1767.0,351.0,1135.0,351.0,3.2167,144000.0,<1H OCEAN
-118.14,34.10,22.0,1819.0,554.0,1830.0,536.0,4.3942,181300.0,<1H OCEAN
-118.14,33.76,22.0,4959.0,921.0,3420.0,876.0,4.1518,358500.0,<1H OCEAN
-115.52,32.68,18.0,3281.0,620.0,1466.0,594.0,3.6719,153500.0,<1H OCEAN
-117.08,32.79,30.0,2016.0,554.0,1722.0,534.0,3.175,107800.0,<1H OCEAN
-119.38,36.34,27.0,940.0,207.0,713.0,206.0,3.0536,118800.0,<1H OCEAN
-117.19,32.72,49.0,1689.0,334.0,766.0,331.0,4.7417,161300.0,<1H OCEAN
-117.17,32.76,8,1761,364,1459,341,5.2969,180200.0,<1H OCEAN
-119.82,36.83,23.0,1689.0,333.0,788.0,331.0,2.7222,87700.0,<1H OCEAN
-118.05,34.07,48.0,2068.0,609.0,1530.0,547.0,4.2667,204100.0,<1H OCEAN
-118.33,33.98,37.0,1389,348,1165,341,2.2708,154700.0,<1H OCEAN
-117.2,32.71,10.0,1957.0,331.0,1131.0,319.0,4.0734,187500.0,<1H OCEAN
-118.42,34.09,35.0,1915.0,284.0,1033.0,269.0,3.7917,270900.0,<1H OCEAN
-121.98,37.31,25.0,2387.0,436.0,1537.0,447.0,3.6495,172600.0,<1H OCEAN
-119.57,36.31,34.0,2159.0,491.0,1209.0,482.0,2.1071,106300.0,<1H OCEAN
-118.4,34.09,38.0,2353.0,389.0,999.0,375.0,4.0368,500001.0,<1H OCEAN
-118.38,33.96,19.0,4485.0,1084.0,3212.0,1039.0,4.7734,212300.0,<1H OCEAN
-118.0,33.88,26.0,1255.0,225.0,910.0,214.0,3.3125,140900.0,<1H OCEAN
-118.17,34.05,31.0,1090.0,199.0,670.0,177.0,4.1667,194400.0,<1H OCEAN
-117.99,33.76,35.0,2123.0,386.0,1247.0,372.0,3.3962,152000.0,<1H OCEAN
-118.49,34.04,52.0,2166.0,505.0,1537.0,472.0,3.3409,225000.0,<1H OCEAN
-119.19,34.2,15.0,1256.0,296.0,981.0,273.0,3.717,120000.0,<1H OCEAN
-117.05,32.66,26.0,2704.0,579.0,1539.0,514.0,3.0556,171100.0,<1H OCEAN
-117.08,32.57,12.0,2137.0,427.0,1835.0,416.0,3.6824,173800.0,<1H OCEAN
-118.44,34.26,17.0,2370,504,1433,479,3.5147,359400.0,<1H OCEAN
-122.47,37.75,44.0,1987.0,333.0,826.0,298.0,3.9474,192100.0,NEAR BAY
-119.71,36.77,38.0,1102.0,308.0,1025.0,303.0,3.6932,173700.0,<1H OCEAN
-119.78,36.68,16.0,1451.0,359.0,1106.0,349.0,3.5347,123800.0,<1H OCEAN
-118.56,34.28,17.0,3268.0,542.0,1625.0,502.0,3.9139,228300.0,<1H OCEAN
-119.23,34.25,27.0,2094.0,309.0,910.0,301.0,3.6782,121900.0,<1H OCEAN
-121.21,39.39,16.0,2701.0,507.0,1426.0,482.0,2.0054,100000.0,<1H OCEAN
-117.01,33.89,36.0,1963,363,1463,368,3.7188,110000.0,<1H OCEAN
-117.03,32.71,36.0,2430.0,487.0,1703.0,448.0,3.6042,165100.0,<1H OCEAN
-120.61,35.13,23.0,2239.0,385.0,1131.0,369.0,3.0,146100.0,<1H OCEAN
-119.74,36.75,52.0,1015.0,225.0,658.0,217.0,1.6414,88500.0,<1H OCEAN
-118.44,34.01,36.0,2109.0,502.0,1550.0,477.0,6.3786,366900.0,<1H OCEAN
-118.08,33.89,44.0,2400.0,556.0,1672.0,531.0,3.4375,138300.0,<1H OCEAN
-118.03,33.87,38.0,1651,329,870,327,3.3125,187500.0,<1H OCEAN
-118.28,33.92,43.0,2401.0,433.0,1251.0,411.0,3.6,258100.0,<1H OCEAN
-118.31,34.07,35.0,1353.0,225.0,1006.0,191.0,2.375,116200.0,<1H OCEAN
-118.03,33.83,32.0,3080.0,705.0,2131.0,706.0,2.7895,135500.0,<1H OCEAN
-118.3,33.87,29.0,984.0,213.0,746.0,221.0,3.0238,179200.0,<1H OCEAN
-120.72,38.44,35.0,2212,379,1039,352,2.2279,104700.0,<1H OCEAN
-119.04,35.37,22.0,1617.0,342.0,1003.0,338.0,1.75,500001.0,<1H OCEAN
-118.47,34.17,42.0,1644.0,341.0,1029.0,324.0,4.0423,297800.0,<1H OCEAN
-117.28,33.16,8.0,2671.0,422.0,1448.0,392.0,4.5861,258300.0,<1H OCEAN
-120.55,37.69,33.0,1910.0,340.0,973.0,306.0,2.9344,89100.0,<1H OCEAN
-118.25,34.02,31.0,2003.0,392.0,1074.0,357.0,2.1277,122500.0,<1H OCEAN
-118.16,34.09,37.0,1469.0,371.0,1383.0,355.0,2.3375,182300.0,<1H OCEAN
-119.05,35.34,35.0,964,190,568,174,2.3125,82500.0,<1H OCEAN
-118.28,34.03,25.0,4608.0,844.0,2550.0,821.0,3.4712,210800.0,<1H OCEAN
-120.8,38.63,15.0,1906.0,318.0,874.0,292.0,4.0,158700.0,<1H OCEAN
-118.16,34.07,50.0,1399.0,362.0,1396.0,347.0,2.8365,82200.0,<1H OCEAN
-118.33,34.08,44.0,1392.0,222.0,767.0,217.0,3.2321,207100.0,<1H OCEAN
-118.16,33.8,38.0,1201.0,256.0,725.0,237.0,2.3088,127900.0,<1H OCEAN
-119.35,36.22,31.0,1461,287,754,271,3.4018,137500.0,<1H OCEAN
-118.41,34.05,29.0,2946.0,564.0,1432.0,517.0,4.3077,211200.0,<1H OCEAN
-118.06,33.82,42.0,1919.0,542.0,1656.0,499.0,3.0179,177000.0,<1H OCEAN
-118.05,33.87,37.0,2407.0,429.0,1858.0,412.0,4.4659,269400.0,<1H OCEAN
-119.61,36.29,23.0,1196.0,202.0,609.0,196.0,2.6786,90400.0,<1H OCEAN
-119.85,36.79,21.0,1788.0,306.0,852.0,292.0,3.5104,91200.0,<1H OCEAN
-115.72,33.39,27,1162,237,666,227,2.5694,74000.0,<1H OCEAN
-118.43,34.07,43.0,3084.0,836.0,1982.0,771.0,3.6634,246200.0,<1H OCEAN
-121.93,37.34,16.0,1617.0,358.0,1203.0,347.0,3.4812,148300.0,<1H OCEAN
-117.18,32.75,36.0,2060,401,1418,410,3.2647,142800.0,<1H OCEAN
-121.93,37.24,25.0,2017.0,315.0,859.0,298.0,2.3214,93700.0,<1H OCEAN
-118.35,34.0,34.0,2321.0,500.0,1496.0,481.0,3.2664,163100.0,<1H OCEAN
-118.34,33.92,32.0,4655,982.0,2405,898,3.6042,195300.0,<1H OCEAN
-116.98,32.81,12.0,713.0,191.0,518.0,168.0,4.0568,219200.0,<1H OCEAN
-117.03,32.75,28.0,4312.0,902.0,2472.0,886.0,3.1234,151900.0,<1H OCEAN
-118.48,34.01,42.0,1281.0,225.0,904.0,217.0,4.4177,291900.0,<1H OCEAN
-117.06,33.03,12.0,786.0,209.0,674.0,208.0,5.1986,212500.0,<1H OCEAN
-118.39,33.95,26.0,1431.0,351.0,1305.0,331.0,4.875,263500.0,<1H OCEAN
-119.57,36.51,25.0,2612.0,600.0,1669.0,586.0,2.875,95600.0,<1H OCEAN
-118.26,34.03,35.0,3127.0,759.0,2445.0,728.0,4.0192,196900.0,<1H OCEAN
-118.28,34.01,48.0,5167.0,1106.0,3573.0,1038.0,4.625,227300.0,<1H OCEAN
-118.03,33.91,37.0,1508.0,289.0,1005.0,292.0,3.7917,204700.0,<1H OCEAN
-118.3,34.06,39.0,2923.0,707.0,2098.0,691.0,2.8477,103800.0,<1H OCEAN
-122.41,37.77,52.0,1833.0,332.0,734.0,317.0,2.9385,144200.0,NEAR BAY
-117.07,32.75,15.0,1617.0,318.0,1021.0,289.0,4.1579,177700.0,<1H OCEAN
-118.39,33.98,41.0,1825.0,409.0,1082.0,381.0,3.8333,229200.0,<1H OCEAN
-117.15,32.71,16.0,3702.0,655.0,1666.0,623.0,4.7222,169400.0,<1H OCEAN
-118.31,34.08,27.0,2336.0,438.0,1450.0,436.0,4.7824,203400.0,<1H OCEAN
-119.45,36.68,32.0,1717.0,313.0,914.0,310.0,2.5469,81500.0,<1H OCEAN
-120.63,35.12,35.0,2642.0,445.0,1241.0,445.0,3.0192,90200.0,<1H OCEAN
-118.23,34.19,35.0,1469.0,283.0,914.0,274.0,3.8214,164600.0,<1H OCEAN
-118.34,34.08,39.0,2928.0,727.0,2038.0,700.0,3.9375,241500.0,<1H OCEAN
-117.07,34.03,29.0,2165,592,1402,557,2.9032,104400.0,<1H OCEAN
-122.27,37.8,52.0,1283.0,237.0,599.0,227.0,4.875,500001.0,NEAR BAY
-118.35,33.8,17.0,4123.0,644.0,2409.0,633.0,4.5741,258900.0,<1H OCEAN
-118.46,34.03,36.0,1041.0,226.0,750.0,220.0,4.1354,226100.0,<1H OCEAN
-118.2,34.23,25.0,4463,1094,2919,1047,3.8571,186200.0,<1H OCEAN
-119.59,36.34,30.0,2209,461,1300,455,2.2708,78800.0,<1H OCEAN
-118.34,34.1,34.0,1947.0,343.0,1211.0,335.0,3.1042,500001.0,<1H OCEAN
-117.81,33.68,16.0,1919.0,334.0,802.0,307.0,3.2969,177000.0,<1H OCEAN
-117.14,32.72,34.0,2626.0,485.0,1748.0,461.0,3.161,211000.0,<1H OCEAN
-122.22,37.76,52.0,1918.0,370.0,992.0,343.0,3.6094,186200.0,<1H OCEAN
-118.34,33.94,32.0,1196.0,282.0,767.0,282.0,2.7857,173400.0,<1H OCEAN
-118.34,33.92,31.0,2065.0,388.0,1185.0,393.0,2.5741,103000.0,<1H OCEAN
-118.26,33.77,42.0,1418.0,303.0,914.0,292.0,2.5437,159500.0,<1H OCEAN
-122.26,37.84,52.0,1682.0,355.0,853.0,340.0,4.1579,344700.0,NEAR BAY
-118.25,33.96,39.0,1669.0,279.0,1023,270,3.5,305600.0,<1H OCEAN
-117.12,32.75,52.0,2004.0,419.0,1056.0,378.0,4.8,177200.0,<1H OCEAN
-119.03,34.17,15.0,1024.0,196.0,495.0,179.0,4.1294,137500.0,<1H OCEAN
-118.35,33.92,32.0,896.0,186.0,529.0,166.0,2.4528,157100.0,<1H OCEAN
-118.36,34.08,27.0,2676.0,479.0,1548.0,465.0,2.9344,101600.0,<1H OCEAN
-119.6,36.56,27.0,1024.0,188.0,427.0,167.0,3.7462,105100.0,<1H OCEAN
-118.28,34.01,50.0,1374.0,320.0,683.0,313.0,2.3361,207100.0,<1H OCEAN
-118.32,33.93,34.0,1312.0,225.0,934.0,214.0,3.3214,151200.0,<1H OCEAN
-118.35,34.07,19.0,3288.0,567.0,1576.0,554.0,3.2778,188800.0,<1H OCEAN
-118.35,34.02,15.0,1579.0,277.0,662.0,239.0,5.3706,500001.0,<1H OCEAN
-118.14,33.78,33.0,1380,187,802,177,3.7562,206900.0,<1H OCEAN
-118.3,34.1,26.0,3874.0,1173.0,3422.0,1126.0,3.0972,142100.0,<1H OCEAN
-118.09,34.63,25.0,2678.0,349.0,1005.0,338.0,3.473,198500.0,<1H OCEAN
-118.47,34.01,26.0,2522.0,679.0,2061.0,661.0,4.2153,225900.0,<1H OCEAN
-118.34,34.08,52.0,2289.0,317.0,914.0,300.0,2.9028,104100.0,<1H OCEAN
-118.47,34.05,52.0,1796.0,390.0,1039.0,380.0,3.1917,118800.0,<1H OCEAN
-121.98,37.35,23.0,1559,402,1292,401,2.9344,94500.0,<1H OCEAN
-120.74,37.92,52.0,2349.0,466.0,1358.0,479.0,2.84,76700.0,INLAND
-117.25,34.13,22.0,3351.0,577.0,1588.0,536.0,2.2885,105100.0,<1H OCEAN
-118.06,34.09,40.0,1102,226,718,198,3.3438,184200.0,<1H OCEAN
-118.34,34.08,34.0,2769.0,528.0,1872.0,505.0,2.3151,137500.0,<1H OCEAN
-119.8,36.85,20.0,1506.0,337.0,901.0,313.0,3.48,100000.0,<1H OCEAN
-118.35,34.09,34.0,2796.0,462.0,1984.0,451.0,3.3364,500001.0,<1H OCEAN
-118.33,33.95,37.0,1236.0,237.0,731.0,221.0,3.7794,163000.0,<1H OCEAN
-118.3,34.08,19.0,2674.0,499.0,1432.0,469.0,4.1518,317500.0,<1H OCEAN
-118.06,34.04,53.0,1293.0,294.0,728.0,246.0,3.1771,205600.0,<1H OCEAN
-118.19,34.16,38.0,1631.0,305.0,1050.0,274.0,5.0703,203800.0,<1H OCEAN
-119.67,36.31,36.0,1284.0,237.0,723.0,210.0,3.625,83600.0,<1H OCEAN
-118.45,34.1,31.0,1940.0,632.0,1929.0,600.0,2.4271,116900.0,<1H OCEAN
-118.3,33.91,23.0,4797.0,865.0,2319.0,790.0,3.2344,177500.0,<1H OCEAN
-118.45,34.02,33.0,1700.0,349.0,1487.0,345.0,1.7457,500001.0,<1H OCEAN
-119.53,37.98,16.0,2623.0,438.0,1377.0,417.0,4.1429,198500.0,<1H OCEAN
-118.37,34.08,52.0,1547.0,397.0,1252.0,386.0,2.4615,160200.0,<1H OCEAN
-118.24,33.8,41.0,2461.0,495.0,1491.0,477.0,4.2604,287700.0,<1H OCEAN
-118.3,34.05,39.0,1606.0,234.0,879.0,253.0,2.375,128100.0,<1H OCEAN
-122.44,37.75,52.0,1650.0,337.0,1090.0,326.0,3.092,500001.0,NEAR BAY
-118.3,34.07,33.0,1161.0,247.0,766.0,245.0,2.8438,136900.0,<1H OCEAN
-121.55,39.07,22.0,95.0,15.0,48.0,11.0,1.875,500001.0,<1H OCEAN
-119.07,36.07,33.0,1214.0,289.0,806.0,271.0,1.3393,72000.0,<1H OCEAN
-119.85,36.74,18.0,1266.0,274.0,986.0,256.0,2.1875,72300.0,<1H OCEAN
-117.06,32.71,24.0,1239,331.0,1004,322,3.5488,188700.0,<1H OCEAN
-118.3,33.99,36.0,1957.0,344.0,1150.0,327.0,3.1087,166900.0,<1H OCEAN
-117.48,33.99,19.0,2385.0,398.0,1234.0,411.0,4.367,224100.0,<1H OCEAN
-122.44,37.74,52,2381,421,1137,400,5.2167,271900.0,<1H OCEAN
-119.8,36.74,18.0,3324.0,710.0,1660.0,684.0,2.4583,71900.0,<1H OCEAN
-118.25,34.05,27.0,3478.0,766.0,1845.0,764.0,4.2667,286000.0,<1H OCEAN
-118.18,34.01,43.0,3128.0,798.0,2147.0,753.0,4.6023,231200.0,<1H OCEAN
-121.95,37.29,27.0,2675.0,554.0,1909.0,540.0,2.344,92500.0,<1H OCEAN
-118.34,33.96,37.0,1911.0,343.0,1396.0,329.0,4.6641,289700.0,<1H OCEAN
-118.31,33.94,43.0,2242.0,408.0,933.0,384.0,3.875,258100.0,<1H OCEAN
-118.06,34.04,36.0,916,209,719,208,4.875,285300.0,<1H OCEAN
-119.4,36.62,18.0,1500.0,337.0,1025.0,333.0,2.4342,75000.0,NEAR OCEAN
-118.37,34.06,33.0,1210,233,576,218,3.325,202100.0,<1H OCEAN
-118.21,34.13,35.0,2289.0,505.0,1398.0,482.0,3.2804,184200.0,<1H OCEAN
-118.13,33.8,43.0,1264.0,236.0,574.0,217.0,3.5391,213300.0,<1H OCEAN
-118.06,34.08,52.0,1682.0,299.0,902.0,290.0,3.5486,158500.0,<1H OCEAN
-117.03,32.71,34.0,2524.0,357.0,1048.0,338.0,3.6912,146300.0,<1H OCEAN
-118.26,34.05,36.0,2334,501,1507,481,4.0787,139400.0,<1H OCEAN
-118.46,34.02,34.0,1789.0,376.0,1087.0,363.0,4.62,287500.0,<1H OCEAN
-118.31,33.94,38.0,1238,281,1277,271,3.8462,197900.0,<1H OCEAN
-121.12,38.67,16.0,2613.0,513.0,1252.0,489.0,4.2344,153500.0,<1H OCEAN
-118.32,33.93,38.0,1761.0,325.0,1385.0,324.0,3.6792,166200.0,<1H OCEAN
-117.21,34.04,9.0,1582.0,389.0,1083.0,366.0,5.3052,200000.0,<1H OCEAN
-122.32,37.9,32.0,2323.0,433.0,1222.0,433.0,3.0694,132500.0,NEAR BAY
-122.26,37.84,52.0,1987.0,347.0,1098.0,348.0,3.06,156300.0,NEAR BAY
-118.38,33.92,41.0,2013.0,480.0,1525.0,443.0,2.3082,128300.0,<1H OCEAN
-118.3,34.1,34.0,1486.0,354.0,1098.0,329.0,3.547,159800.0,<1H OCEAN
-119.21,34.17,33.0,2182.0,495.0,1860.0,495.0,4.2324,191400.0,<1H OCEAN
-117.0,33.77,30.0,1617.0,422.0,1269.0,385.0,2.0142,69500.0,<1H OCEAN
