RiskPerformance,ExternalRiskEstimate,MSinceOldestTradeOpen,MSinceMostRecentTradeOpen,AverageMInFile,NumSatisfactoryTrades,NumTrades60Ever2DerogPubRec,NumTrades90Ever2DerogPubRec,PercentTradesNeverDelq,MSinceMostRecentDelq,MaxDelq2PublicRecLast12M,MaxDelqEver,NumTotalTrades,NumTradesOpeninLast12M,PercentInstallTrades,MSinceMostRecentInqexcl7days,NumInqLast6M,NumInqLast6Mexcl7days,NetFractionRevolvingBurden,NetFractionInstallBurden,NumRevolvingTradesWBalance,NumInstallTradesWBalance,NumBank2NatlTradesWHighUtilization,PercentTradesWBalance
Bad,63.0,120.0,8.0,70.0,9,0,0,100.0,7.0,2.0,6.0,19,0,0.0,3.0,3,1,0.6,0.0,3,0,0,50.0
Good,59,168,5,123,23,0,0,83,0,0,3,32,2,13,0,0,0,5,23,2,4,0,50
Bad,57,141,15,112,15,0,0,76,1,2,8,24,2,0,15,0,0,43,0,1,1,0,20
Bad,78,144,1,84,16,0,0,100,0,8,8,20,2,15,0,0,0,97,81,2,4,0,86
Bad,74,125.0,1.0,84.0,20,0,0,100,0.0,6,8,29,1,0,0,3,3,0.199,0.0,1,0,0,100.0
Bad,64,383,15,29,15,0,0,100,0,8,8,34,3,12,8,3,3,62,14,2,0,0,100
Bad,55,144,1,84,16,0,0,100,0,5,5,16,2,25,2,0,0,100,0,1,0,1,100
Bad,62.0,144.0,3.0,86.0,20,3,1,90,2.0,7,8,28,2,0,0.0,0,0,0.78,0.0,3,0,0,33
Bad,60.0,62,2,86,9,0,0,100,0,8,8,24,1,0,0,3,3,100,0,2,0,0,33.3
Bad,75,62,1,69,23,0,0,100,0,6,8,36,1,44,13,0,0,83,2,2,2,0,33
Bad,59,126,0,109,14,0,0,100,0,2,9,47,0,0,0,0,0,55,0,1,1,0,100.0
Bad,62,144,11,69,11,0,0,90,0,6,6,20,1,15,0,3,3,96,0,4,2,0,75
Bad,60,27,0,69,16,0,0,100,0,6,6,28,0,0,0,0,0,0,2,3,0,1,57
Bad,58,144,2,84,12,0,0,100,0,7,8,22,3,36,0,0,0,121,33,2,1,0,75
Good,67,126,10,78,17,0,0,100,0,2,2,25,1,44,3,2,1,74,0,2,5,0,67
Bad,65,90,2,69,25,0,0,100,0,3,8,31,1,6,0,0,0,64,34,0,1,0,0
Bad,62,144,3,92,14,0,0,100,3,7,8,23,2,22,2,2,2,100,0,4,0,0,36.4
Bad,60,144,5,84,11,0,0,100,0,5,5,16,2,0,0,0,0,69,0,1,1,0,50
Bad,72,172,1,84,20,0,0,90,1,7,8,27,0,28,0,0,0,14,15,2,3,0,60
Good,62.0,129.0,10.0,82.0,16,0,0,100,0.0,7.0,3.0,27,1,22,1.0,0,0,0.0,0.0,1,3,1,33
Bad,70.0,57,2,111,17,0,0,100,0,4,8,24,2,0,0,0,0,54,20,3,2,0,100
Bad,50,120,1,76,12,0,0,100,-7,2,7,16,1,6,1,0,0,60,0,2,0,0,33
Bad,65,144.0,2.0,84.0,17,0,0,83,2.0,5,8,22,1,33,0.0,0,0,17,25,1,0,0,100
Bad,53,144,8,84,23,0,0,100,0,4,8,25,2,0,0,3,3,0,0,1,0,0,100
Bad,68,56,12,130,10,0,0,100,70,8,8,28,1,0,13,2,1,94,10,2,0,1,50
Bad,55,144,1,84,13,0,0,100,0,6,8,23,2,17,14,2,2,100,100,1,2,0,33.33
Bad,74,96,1,143,15,0,0,86,8,6,8,23,1,6,0,1,1,24,28,2,1,0,50
Bad,85,318,15,83,14,0,0,100,0,3,8,23,2,22,0,0,0,99,0,2,0,0,50
Bad,72,128,2,86,12,0,0,100,0,8,8,15,2,20,5,1,1,12,15,3,1,0,33
Bad,58,95,5,103,17,0,0,100,5,1,6,24,1,0,0,0,0,0,0,0,0,0,0
Bad,65,144,21,84,10,2,2,70,3,8,8,24,1,20,14,0,0,98,56,1,2,0,100
Bad,59,126,17,69,16,0,0,50,0,3,9,16,1,6,0,0,0,97,0,4,0,0,100.0
Bad,72,127.0,6.0,114.0,8,2,2,100,4.0,5,8,17,4,6,2.0,6,2,96,28,2,2,0,33
Bad,62,144,4,84,19,0,0,100,0,8,8,24,5,0,2,6,1,0,0,2,0,0,50
Bad,71,126,2,69,14,0,0,100,0,8,8,19,1,0,0,2,2,98,0,1,0,1,100.0
Bad,58,8,1,85,15,0,0,100,0,8,8,29,2,31,5,2,2,90,100,2,9,0,50
Bad,59,8,0,69,14,0,0,100,0,2,6,27,1,0,0,0,0,0,0,0,0,0,0
Bad,74.0,128.0,2.0,84.0,29,2,2,93,2.0,7.0,8.0,33,4,27,2.0,3,3,27,1,3,3,0,67
Bad,68,144,5,84,14,1,1,100,5,6,6,20,1,0,1,0,0,50,0,2,4,0,22
Bad,73,20,4,84,17,0,0,100,0,7,7,25,1,16,1,4,4,99,17,1,2,0,44.4
Bad,68,223,1,84,14,0,0,100,0,7,8,21,1,43,0,0,0,100,100,4,1,0,57
Bad,53,173,4,84,20,0,0,100,0,5,5,29,2,3,1,0,0,61,100,2,1,0,33
Bad,65.0,32.0,2.0,66.5,16,0,0,100,0.0,0,8,22,1,14,2.0,0,0,0.5,0.0,2,0,0,45.0
Bad,66,127.0,12.0,49.0,9,0,0,100,8.0,8,8,22,2,0,6.0,0,0,100,0,1,2,1,33.3
Bad,68,144,2,84,12,0,0,100,0,6,8,17,0,18,0,0,0,34,73,4,0,1,29
Bad,52,221,12,183,17,0,0,100,0,5,5,26,4,0,3,3,3,36,20,5,2,0,100
Bad,62,144,5,109,20,0,0,95,5,7,8,28,3,0,0,0,0,53,25,1,2,0,100
Bad,67,126,1,84,18,0,0,100,0,7,8,29,2,28,0,0,0,63,57,2,1,0,67
Bad,72,151,2,84,11,0,0,87,0,7,8,19,1,5,2,2,2,11,10,2,2,1,50
Bad,60,83,25,94,13,0,0,71,15,2,8,23,2,14,25,1,1,0,1,3,1,1,78
Bad,55,144,1,69,10,0,0,100,0,0,8,16,1,0,12,0,0,24,28,2,1,0,57
Bad,73,122.0,17.0,94.0,9,0,0,100,76.0,7,7,20,1,5,0,0,0,0,13,0,2,0,0
Bad,69,148,4,84,14,0,0,100,0,8,8,22,1,14,0,2,2,89,100,1,2,0,100
Bad,71,85,2,132,14,2,2,86,2,2,8,22,1,5,0,0,0,82,4,3,1,0,60
Bad,59,167,0,118,23,2,2,91,10,2,8,28,2,7,0,2,2,88,10,4,9,0,25
Bad,55,144,9,84,14,0,0,100,0,8,8,23,3,17,2,2,2,27,4,1,2,0,100
Bad,72,200,3,79,12,0,0,100,0,3,8,19,4,42,1,4,4,64,0,2,2,0,100
Bad,59.0,127.0,3.0,67.0,5.0,0.0,0.0,100.0,0.0,7.0,8.0,18.0,1.0,0.0,0.0,0.0,0.0,0.0,0.0,1.0,0.0,0.0,100.0
Bad,68.0,148.0,3.0,86.0,14,2,1,100,2.0,2.0,8,23,1,22,0.0,5,5,20.0,59.0,1,2,0,33
Bad,67.0,300.0,0.0,84.0,9,3,3,66.7,0.0,3.0,8.0,23,4,8.7,0.0,4,4,0.62,0.53,2,1,1,77.8
Bad,64,144,1,89,15,0,0,100,0,6,6,22,5,36,0,2,2,52,6,3,1,1,77
Bad,64.0,120.0,1.0,79.0,16,0,0,100,0.0,0.0,8.0,16,3,19,0,0,0,30,0,4,2,0,50
Bad,58,168.0,4.0,110,10,0,0,100,0.0,0,8,20,2,10,0,0,0,100,0,2,4,0,45.45
Bad,61,119,9,79,19,0,0,100,0,7,8,27,3,29,0,1,1,77,24,0,4,0,0.0
Bad,72,144.0,1.0,117.0,20,3,3,100,1.0,8,8,23,0,0,0.0,3,3,91,0,5,1,1,80
Bad,63,181,4,129,23,1,1,100,2,3,8,31,2,10,0,2,2,70,0,1,0,0,100
Bad,70,144,2,80,11,0,0,90.9,2,8,8,19,0,10.5,2,0,0,0.78,0.0,2,0,0,77.8
Bad,62,121,1,92,15,0,0,100,0,2,8,28,3,0,0,2,2,70,0,0,3,0,0
Bad,55,144,4,84,14,0,0,100,0,7,8,34,1,3,4,0,0,84,8,2,1,0,50
Bad,71,167,4,106,7,0,0,100,0,7,8,22,1,9,0,0,0,28,41,1,0,0,100
Bad,65,222,22,140,17,0,0,88,2,7,8,31,3,13,2,0,0,12,8,4,2,0,100
Bad,59,95,2,69,28,1,1,86,8,2,8,53,4,38,2,4,0,88,23,5,2,0,67
Bad,66.0,120.0,19.0,66.0,23,1,1,96,1.0,5.0,8.0,38,2,11,19.0,0,0,20,0,1,8,0,100
Bad,67,153,2,75,14,1,1,100,2,2,8,22,1,0,1,0,0,12,6,3,2,0,32.0
Bad,58,197,1,84,12,0,0,100,0,6,8,17,3,29,27,2,2,1,4,3,2,1,67
Good,70,63,2,69,18,0,0,100,0,0,1,29,3,0,13,3,3,100,0,3,1,0,43
Bad,60,26,2,84,14,0,0,100,-7,0,8,31,2,13,14,0,0,33,34,1,1,0,100
Bad,72,221,1,88,29,3,0,96,1,7,7,32,1,13,8,3,2,5,2,2,3,0,67
Bad,59,168,1,109,20,4,1,85,2,7,8,31,2,13,0,0,0,100,100,3,1,0,43
Bad,49,144,1,84,21,1,1,95,1,2,9,29,2,0,1,0,0,0,0,0,0,0,0
Bad,58,126,18,69,15,0,0,100,0,7,8,29,0,3,0,4,4,0,0,2,0,2,67.0
Bad,72,144,10,87,23,0,0,100,0,6,8,23,4,57,0,0,0,1,22,1,2,0,33
Bad,66,178,4,80,23,0,0,100,0,8,8,28,0,14,0,2,2,27,33,2,1,0,100
Bad,72,119,0,133,15,0,0,100,0,8,8,21,1,0,0,0,0,0,6,6,2,0,100
Bad,59,183,4,84,9,2,2,77,4,3,8,23,1,4,2,0,0,90,5,2,1,0,67
Bad,70,144,0,84,13,2,2,84,0,8,8,19,0,37,0,0,0,97,103,2,0,1,100
Bad,85,117,3,85,10,0,0,77,2,5,8,24,2,0,1,1,1,5,0,1,2,0,50.0
Bad,59,148,2,87,15,1,1,86,5,7,8,24,2,33,7,0,0,69,50,3,1,0,75
Bad,70,151,12,109,16,0,0,100,0,2,8,23,1,0,0,0,0,43.7,6.3,3,0,0,57.1
Bad,85,144,1,144,14,0,0,100,1,7,8,29,2,0,0,0,0,79,0,4,1,0,100
Bad,62,123,4,72,16,0,0,93,62,7,8,19,0,47,0,1,1,29,32,2,1,0,33
Bad,76.0,165.0,2.0,73.0,18,0,0,100,0.0,4,8,31,1,3,0.0,0,0,100,0,3,0,0,50
Bad,71,383,16,84,9,0,0,89,nan,1,8,18,0,0,0,0,0,68,20,2,2,0,50.0
Bad,73,140,2,69,17,0,0,100,0,7,8,24,1,21,0,0,0,71,0,1,0,0,25
Bad,82,144,1,84,23,0,0,96,0,7,8,25,3,32,2,1,1,32,19,2,1,0,50
Bad,71,25,1,94,11,0,0,100,1,2,7,24,4,0,14,0,0,0,0,3,0,1,75
Bad,73,62,23,90,15,0,0,90,0,8,8,22,2,0,0,0,0,94,100,2,0,0,100
Bad,63.0,81.0,18.0,69.0,23,3,0,100,18.0,7.0,8.0,32,1,3,0,0,0,79,0,1,0,0,100.0
Bad,56,144,1,84,19,1,1,94,1,6,6,26,4,12,0,0,0,100,0,2,1,0,43
Bad,65.0,103.0,9.0,108.0,14,0,0,100,0.0,5.0,5.0,24,0,0,6.0,0,0,0.97,0.0,2,0,0,33
Bad,64,159,0,109,21,0,0,100,0,8,8,33,1,6,5,0,0,55,12,2,1,0,33
Bad,45,168,1,128,24,0,0,100,26,4,9,42,3,5,0,0,0,87,0,1,7,0,9
Bad,61,144,1,123,12,0,0,100,0,8,8,19,4,0,5,0,0,52,15,2,1,1,50
Bad,55,144,0,84,20,1,0,90,8,6,8,32,0,13,0,0,0,64,35,1,4,0,100
Good,67,220,8,29,17,0,0,100,0,0,0,20,2,15,24,0,0,43,18,2,1,0,100
Bad,69,144,3,62,9,0,0,100,3,2,8,16,2,44,6,2,2,54,37,3,1,1,57
Bad,60,144.0,2.0,84.0,7,1,1,100,0.0,8,8,20,1,45,0,0,0,86,0,2,1,1,50.0
Bad,70,34,11,105,18,1,1,100,1,5,8,27,0,11,29,3,3,0,81,3,2,0,33
Bad,64,81,23,117,14,0,0,100,0,5,8,20,2,15,19,0,0,80,20,1,4,0,33
Bad,65.0,144.0,2.0,85.0,23,4,1,100,2.0,7,8,28,2,0,0.0,0,0,100,0,2,0,1,50.0
Bad,60,144,2,86,16,0,0,100,0,8,8,23,1,17,1,6,1,93,100,8,1,0,100
Bad,62,81,5,71,9,0,0,88,5,8,8,13,2,15,2,3,3,80,0,2,0,0,50
Bad,70,148,8,84,8,0,0,100,8,1,7,14,0,0,7,0,0,100,0,4,0,0,57
Bad,65,131,2,40,11,0,0,82,2,2,10,19,3,21,2,2,2,15,4,2,1,0,50
Bad,68.0,101.0,1.0,57.0,14,0,0,100,0.0,6,8,25,3,0,0,0,0,43.0,0.0,1,0,0,100.0
Bad,68,111,1,73,17,0,0,97,1,6,6,22,3,5,0,6,6,11,84,4,2,0,36
Bad,68,168,15,70,17,0,0,100,0,3,8,23,1,0,0,0,0,87,0,1,0,1,100
Bad,65,144,3,69,12,0,0,100,0,7,8,19,2,21,0,0,0,64,23,4,2,0,57
Bad,71,144,1,84,17,1,1,94,1,6,6,27,4,52,0,0,0,97,0,3,1,0,57
Bad,67,168,4,123,24,0,0,100,4,5,8,34,3,0,4,2,2,41,3,3,1,0,75
Bad,66,168,10,82,10,1,1,100,1,4,8,28,2,4,0,0,0,0,0,1,0,0,100
Bad,59,141,0,144,19,0,0,89,0,3,6,23,5,26,0,0,0,16,40,0,4,0,0
Bad,70,121,17,84,11,0,0,100,0,4,8,18,1,0,0,0,0,70,0,1,0,0,100
Bad,72,144,1,84,23,0,0,100,0,5,8,31,0,48,0,0,0,12,16,2,0,0,33
Bad,69.0,179.0,4.0,66.0,26,0,0,86.4,3.0,7.0,8.0,29,2,3.4483,0.0,6,6,0.8362,0.0,2,0,0,66.7
Bad,68.0,67.0,2.0,69.0,12,0,0,100.0,0.0,7,8,16,1,0.0,13.0,2,1,68.0,45.0,2,0,0,60.0
Bad,70.0,144,4,84,12,0,0,100,0,7,8,16,0,6,4,1,0,79.0,0.0,2,0,1,50
Bad,64.0,195.0,4.0,87.0,18,0,0,100.0,0.0,7,8,29,1,3.0,0.0,0,0,44.0,16.0,2,2,2,33.3
Bad,61,126,2,129,23,2,2,100,2,6,6,29,2,0,4,1,1,0,0,1,0,0,100
Bad,61,144,1,84,15,0,0,93,0,1,8,20,0,40,0,1,1,47,0,1,0,1,50
Bad,68,174,1,84,17,0,0,100,0,8,8,23,2,9,0,0,0,39,21,2,1,0,100
Bad,66.0,127.0,1.0,109.0,8,1,1,85.7,1.0,7,8,18,2,11.1,0.0,2,1,0.86,0.0,1,0,1,100.0
Bad,63.0,128.0,1.0,69.0,18,3,3,83,1.0,5.0,8.0,28,1,0,0.0,3,3,53,23,6,2,1,86
Bad,70,19,1,69,17,0,0,94,1,4,8,26,1,35,6,1,1,67,7,2,1,0,50
Bad,59,151,1,81,16,0,0,100,1,6,6,19,1,0,0,2,2,100,0,4,1,0,100
Bad,70,70,17,11,22,0,0,100,0,5,8,30,2,23,0,6,6,91,0,2,1,0,100
Bad,62,149,2,84,15,2,2,93,2,4,8,33,3,9,0,0,0,21,0,2,5,0,100
Bad,72,144,2,84,10,3,3,87,2,5,8,23,2,61,0,0,0,32,33,3,1,0,60
Bad,63,186,2,84,23,0,0,100,2,4,8,32,2,6,0,0,0,100,0,1,3,0,10.0
Bad,71,144.0,1.0,84.0,19,0,0,100,0.0,7,8,29,3,10,0.0,0,0,0.0,2.0,2,5,2,91
Bad,67,145,2,92,8,0,0,100,0,8,8,9,0,0,12,2,2,96,7,2,0,0,50
Bad,69,109,1,69,24,0,0,85,1,8,8,34,0,0,0,6,6,91,0,2,0,0,25
Bad,71,189,0,69,14,0,0,100,0,8,8,23,1,0,0,0,0,0,0,3,0,0,75
Good,70,144,4,84,20,0,0,87,3,4,8,28,1,7,7,0,0,0,15,4,0,0,86
Bad,55,54,1,69,18,1,1,100,1,7,8,29,2,3,0,1,1,20,50,7,2,0,47
Bad,71,174,4,84,13,0,0,100,0,8,8,23,1,9,0,1,1,38,16,3,2,1,43
Bad,59,174,1,87,15,1,1,86,1,4,8,27,0,4,0,0,0,100,0,2,0,0,100
Bad,59,105,7,84,18,0,0,100,0,2,8,23,3,9,3,1,1,74,41,2,1,0,33
Bad,65.0,142.0,1.0,84.0,20,0,0,100.0,0.0,2.0,8.0,28,0,0.0,15.0,0,0,0.0,0.0,2,0,0,50.0
Bad,59,168,2,69,14,1,1,100,2,7,8,23,2,0,0,4,4,15,8,1,1,0,100
Bad,72,102,2,129,15,0,0,100,0,8,8,22,4,0,0,0,0,0,0,2,0,0,100
Bad,59,81,2,109,14,0,0,100,0,6,6,21,0,0,0,0,0,0,0,1,0,0,100
Bad,71,142,1,84,19,0,0,89,1,1,8,23,1,13,11,0,0,53,86,1,4,0,100
Bad,67,148.0,2.0,84.0,19,0,0,100.0,0.0,2,8,24,2,0.0,0.0,0,0,0.697,0.0,3,0,0,33.3
Bad,65,144,2,84,8,1,1,100,2,4,8,18,2,11,2,0,0,33,10,2,1,1,33
Bad,86,113,1,144,24,0,0,100,0,3,8,34,4,3,3,3,3,0,0,1,1,0,40
Bad,68,144,6,81,12,1,1,83,6,2,6,16,2,33,17,0,0,0,66,2,2,0,50
Bad,62,327,0,148,14,2,2,85,0,7,8,21,3,33,0,0,0,86,0,4,0,0,57
Bad,62,128,1,84,20,0,0,90,17,5,5,27,1,0,0,0,0,0,1,2,1,0,100
Bad,70,148,4,84,10,0,0,100,0,8,8,14,0,57,0,0,0,100,0,2,0,0,100
Bad,66,144.0,2.0,87.0,15,0,0,86,2.0,6,8,16,2,31,1.0,0,0,89,25,1,6,0,100
Bad,55,47,17,97,14,0,0,100,0,6,8,22,1,9,2,3,2,22,46,2,4,1,36
Bad,70,128.0,1.0,85.0,15,0,0,100,5.0,7,8,22,1,36,0.0,0,0,94,1,3,2,0,33
Bad,59,126,4,84,17,0,0,76,0,2,8,29,1,31,0,0,0,29,68,2,1,0,50
Bad,69,123,14,70,17,0,0,94,14,2,8,25,1,16,0,0,0,59,60,3,1,0,50
Bad,67,174,1,144,16,0,0,100,0,8,8,31,1,10,1,3,2,100,30,3,1,0,43
Bad,69,144,4,84,9,0,0,100,4,5,5,21,0,0,4,1,1,0,0,1,2,0,33.3
Bad,58,123,2,93,20,0,0,100,0,6,7,23,2,0,0,0,0,0,0,4,1,0,57
Bad,72,83,2,104,14,1,1,100,2,3,8,20,1,0,2,0,0,69,0,2,1,0,50.0
Bad,62,165,3,109,14,0,0,100,3,6,8,29,2,3,0,0,0,9,0,2,1,0,67.0
Bad,56,168,3,69,20,0,0,70,2,5,8,25,0,0,0,0,0,82,0,3,1,0,43
Bad,73,128,2,69,12,0,0,91,2,6,8,23,2,26,4,0,0,11,76,1,8,0,14
Bad,64,140,5,84,11,0,0,100,0,5,5,29,2,38,0,0,0,109,78,2,1,0,64
Bad,59,121,1,78,19,0,0,84,0,3,9,45,0,0,0,0,0,43,0,1,0,1,100
Good,60,144,10,157,22,0,0,100,60,0,3,26,2,0,1,0,0,0,70,1,4,0,25
Bad,66,111,1,84,20,0,0,100,1,5,8,26,2,23,0,0,0,87,25,6,1,0,77
Bad,91,150,4,120,13,1,1,76,4,7,9,23,9,43,0,3,3,12,43,3,2,1,43
Bad,75.0,156.0,16.0,144.0,7,0,0,100.0,0.0,2,8,27,3,0.0,0.0,0,0,57.0,20.0,1,0,0,33.0
Bad,56,209,4,86,23,0,0,100,21,5,8,24,1,4,0,0,0,78,53,2,8,0,33.3
Bad,77,144,10,84,19,0,0,89,0,8,8,22,1,5,10,2,2,47,25,2,2,0,100
Bad,81.0,153.0,2.0,96.0,26,0,0,93,0.0,7,8,28,2,0,0,18,18,91.0,8.0,2,0,0,50
Bad,56,138,6,80,24,0,0,91,6,5,8,31,3,0,6,4,4,1,1,2,1,0,67
1,68.0,26.0,2.0,69.0,23,1,1,83,2.0,2.0,8.0,29,1,33,0.0,0,0,54,2,2,1,0,50
Bad,72,139.0,1.0,69.0,19,0,0,100,0.0,1,8,27,0,47,0,4,4,81,34,2,8,0,29
Bad,75,81,2,70,16,0,0,100,0,8,8,20,1,5,0,0,0,24,21,2,1,1,57
Bad,70,106,3,84,20,0,0,100,0,6,6,20,2,35,0,0,0,0,0,2,4,0,50
Bad,65,144,1,84,12,0,3,88,1,3,8,19,0,25,14,0,0,3,22,1,2,0,33
Bad,49,168.0,9.0,61.0,19,0,0,97,4.0,6,8,23,0,0,4.0,4,2,91,0,4,0,2,57
Bad,61,146,20,84,11,0,0,100,0,6,8,19,3,26,0,0,0,27,33,2,0,0,50
Bad,75,128,4,84,10,0,0,100,1,5,8,12,1,0,0,0,0,22,30,2,1,0,50
Bad,62,111.0,1.0,59.0,9,3,1,66,0.0,7,8,25,5,32,0.0,2,2,93,100,2,0,2,0
Bad,70,140,3,84,9,2,2,78,3,6,8,29,4,14,14,1,1,3,4,1,1,0,100
Bad,64,144,1,84,17,0,0,100,0,6,8,24,2,0,0,0,0,24,0,1,1,0,100
Bad,65.0,124.0,1.0,75.0,8,2,2,81.0,2.0,4.0,8.0,20,3,10.0,2.0,0,0,9.0,25.0,6,2,1,67.0
Bad,62,154,10,118,19,0,0,100,0,5,8,28,2,39,0,0,0,17,25,1,4,1,20
Bad,56,167,2,100,24,0,0,83,2,6,6,31,1,26,2,0,0,100,33,2,1,1,50
Bad,72,144,5,84,12,0,0,100,0,7,8,23,2,0,0,0,0,100,0,1,0,0,100
Bad,70.0,152.0,4.0,110.0,8,1,1,88,4.0,6.0,8.0,14,0,0,6.0,0,0,100,0,2,0,0,33
Bad,55,47,2,85,24,0,0,100,8,7,8,31,1,6,0,0,0,88,3,2,2,0,100
Bad,73,183,4,112,12,0,0,100,0,2,8,18,5,11,0,1,1,63,0,2,2,0,50.0
Bad,59,127,2,70,17,0,0,80,2,7,8,20,2,5,0,0,0,66,14,2,2,0,100
Bad,59,94,11,69,8,0,0,100,0,7,8,13,1,0,0,0,0,100,0,3,0,1,33
Bad,51,144,3,84,5,0,0,100,0,4,8,23,2,0,0,0,0,99,0,1,0,0,100
Bad,93,168,1,105,10,1,2,100,1,6,8,27,2,4,0,3,3,7,16,2,1,0,29
Bad,59,27,10,69,16,0,0,100,0,7,8,29,2,14,0,6,6,8,8,2,1,1,22.2
Bad,65,117,0,118,22,0,0,100,0,2,8,27,1,0,0,0,0,99,0,2,0,2,9
Bad,63,167.0,4.0,109.0,16,0,0,93,8.0,5,5,20,0,40,1,0,0,43,48,2,3,1,60
Bad,65,148,3,84,13,0,0,76,0,1,8,21,0,17,5,0,0,19,30,2,1,0,33
Bad,65,144,1,84,19,0,0,100,0,8,8,28,0,0,0,1,1,0,0,1,1,0,100
Bad,59,144,9,84,23,0,0,100,0,6,8,31,3,0,0,0,0,0,0,2,0,0,67
Bad,74,60,2,108,10,0,0,82,2,7,9,23,1,57,0,0,0,9,12,2,1,0,73
Bad,59,140,17,17,21,0,0,80,16,2,8,24,2,25,16,3,2,29,50,1,3,0,50
Bad,66,144.0,3.0,84.0,17,0,0,100,0.0,8,8,29,1,3,0,3,3,90,0,3,0,1,33
Bad,59,165,2,68,23,3,3,100,9,6,8,34,1,0,9,1,1,82,80,2,6,0,100
Bad,54,177,0,141,9,4,2,77,0,5,8,24,4,0,1,3,3,0,81,2,1,1,67
Bad,60,126.0,2.0,86.0,7,3,3,85.7,2.0,2.0,8.0,23,0,47.8,1.0,1,1,0.69,0.47,2,2,0,33.3
Bad,64,186,2,108,8,0,0,100,0,8,8,27,3,11,0,6,6,99,43,3,1,1,33.3
Bad,664,144,2,84,10,0,0,82,2,5,9,21,2,14,0,3,3,61,34,2,2,1,86
Bad,59,131.0,0.0,83,14,2,2,100,13.0,8,8,33,1,18,0,0,0,86,8,2,5,0,33
Bad,68.0,126.0,10.0,69.0,23,0,0,100.0,0.0,3.0,8.0,23,0,17.39,0,0,0,0.6,0.0,2,0,0,33.33
Bad,59,123,5,83,27,0,0,83,5,5,5,35,4,11,3,1,1,47,22,5,2,1,27
Bad,55,144,3,84,17,0,0,94,2,2,8,21,0,0,0,1,1,101,0,1,0,1,100
Bad,70,100,12,69,9,0,0,83,7,1,8,21,10,30,0,3,3,98,0,1,2,0,30
Bad,71,197,0,69,23,0,0,100,0,8,8,23,1,8,0,0,0,67,0,3,0,0,100
Bad,62,123,1,125,15,0,0,90,1,7,8,17,1,47,1,0,0,10,42,3,2,0,47
Bad,59,144.0,1.0,79.0,20,0,0,100,0.0,7,8,29,0,17,0.0,1,1,96,51,2,2,0,100
Bad,66,144,2,68,9,3,3,100,2,6,6,16,4,25,2,0,0,0,4,2,3,0,67.0
Bad,75,144,2,84,6,0,0,100,0,6,8,17,0,12,11,1,1,18,4,2,1,1,38
Bad,45,153,4,58,12,0,0,70,4,5,5,21,2,10,0,0,0,98,0,2,0,0,100
Bad,66,60,1,84,9,0,0,100,0,8,8,19,1,0,0,1,1,46,0,1,0,1,100
Bad,74,123.0,2.0,69.0,23,0,0,100,2.0,7,9,29,4,0,0.0,3,3,98,1,5,1,0,80.0
Bad,72,141,14,69,10,0,0,100,0,7,8,23,2,22,0,0,0,58,0,3,0,0,75
Bad,55,144,2,84,9,2,2,77,2,8,8,19,4,17,3,6,5,87,69,1,3,0,100
Bad,55,144,3,84,9,0,0,78,47,7,8,25,2,16,5,1,0,85,100,1,1,0,100
Bad,59,123,1,72,21,3,3,100,1,6,8,29,1,18,2,3,2,67,8,3,2,0,43
Bad,75.0,144.0,2.0,96.0,10,0,0,70.0,0.0,0,8,20,3,10.0,0.0,0,0,0.2,0.0,2,0,1,55.0
Bad,63,59,1,69,16,0,0,100,60,7,8,23,2,0,0,0,0,100,0,4,0,0,100
Bad,39,204,0,130,20,4,2,100,35,6,8,33,4,0,5,6,6,98,0,4,0,0,100
Bad,72,120,1,72,10,4,2,80,1,8,8,17,2,12,0,0,0,95,0,2,0,0,60
Bad,55,78,8,69,21,0,0,100,8,8,8,29,2,0,8,0,0,100,0,0,2,0,0
Bad,70,148,12,84,21,0,0,100,0,8,8,21,1,14,0,0,0,67,0,2,4,0,50
"""Good""",68.0,196.0,5.0,69.0,14,0,0,100.0,0.0,0.0,5,29,1,0.0,14.0,0,0,0.0,0.0,2,0,0,50.0
Bad,65,144,15,84,17,0,0,100,0,7,8,26,2,23,0,1,1,15,16,2,1,0,46
Bad,73,63,2,109,20,0,0,100,2,7,8,28,3,0,1,1,1,0,0,2,1,0,82.6
Bad,65,204,9,114,12,0,0,100,0,8,8,22,0,36,0,0,0,100,17,2,1,0,100
Bad,55,144,3,109,14,0,0,100,0,8,8,46,1,0,0,0,0,76,0,4,0,0,50.0
Bad,60,126,0,107,3,0,0,100,0,4,9,16,0,6,0,1,1,0,80,1,2,0,33
Bad,62,144,5,104,22,0,0,86,0,3,7,34,1,35,0,0,0,72,0,2,1,0,100
Bad,62,168,4,68,8,0,0,100,0,6,8,17,1,0,0,1,1,70,0,3,0,0,60.0
Bad,65,126,3,153,10,1,1,57,3,7,7,17,1,6,0,1,1,0,91,1,5,0,100
Bad,66,144,1,84,21,0,0,100,0,8,8,27,0,37,2,6,6,100,50,1,6,0,50
Bad,71,144,2,84,14,0,0,100,0,7,9,19,4,0,1,3,3,0,0,3,0,1,67
Bad,59,127.0,10.0,117.0,7,0,0,81,0.0,8,8,22,1,0,11.0,0,0,100,0,2,0,1,33
Bad,65,144.0,4.0,84.0,9,0,0,100,0.0,7,8,25,1,28,6,5,5,73,78,4,2,0,57
Bad,73,123,1,54,36,0,0,100,0,5,8,47,1,67,0,0,0,94,100,3,1,1,67
Bad,72,183,4,90,8,0,0,77,11,2,8,15,2,20,4,3,3,78,0,3,0,0,57
Bad,58,133,1,81,17,0,0,100,0,0,8,29,0,21,0,0,0,100,0,2,1,0,67
Bad,72,169,2,47,22,1,1,83,2,1,8,32,2,0,0,2,2,25,0,2,4,0,50
Bad,65,144,3,84,9,0,0,100,0,5,5,24,2,0,5,0,0,0,41,2,4,0,67.0
Bad,58,87,5,69,11,0,0,90,0,5,8,22,4,14,7,0,0,24,42,1,3,0,100
Bad,60.0,140.0,1.0,65.0,6,1,1,80.0,1.0,9.0,9.0,16,1,19.0,0.0,0,0,100.0,100.0,2,0,0,50.0
Bad,63,148,2,84,11,0,0,76,2,8,8,22,1,9,3,5,5,24,0,1,2,0,0.0
Bad,60,125,3,85,9,0,0,100,3,4,8,16,0,0,0,0,0,100,0,2,0,0,100
Bad,76,196,0,81,8,3,4,72,0,8,8,17,3,6,0,0,0,90,0,4,2,0,100
Bad,60,360,1,129,12,0,0,100,0,8,8,31,2,0,0,0,0,98,0,2,0,0,100
Bad,49,81,2,114,17,0,0,100,2,7,8,24,2,4,0,0,0,73,81,2,2,0,50
Good,64,125,1,84,30,0,0,93,0,6,8,42,2,0,0,0,0,17,4,2,1,0,57
Bad,70.0,178.0,4.0,66.0,16,0,0,100,0.0,7,8,27,1,0,1.0,1,1,0.06,0.0,3,0,1,25.0
Bad,647,144,1,104,15,2,2,73,1,2,8,27,2,0,0,1,1,87,0,2,0,1,33
Bad,59,97,2,144,13,0,0,76,2,5,9,23,1,30,0,2,2,0.0,0.6,0,1,0,0.0
Bad,64,177,1,33,15,0,0,86,1,5,5,23,3,9,0,0,0,47,13,2,1,0,67
Bad,49,144,2,84,19,0,0,100,0,8,8,29,0,31,0,0,0,98,0,3,0,1,100.0
Bad,56,36,3,84,22,0,0,100,10,2,8,27,3,15,14,0,0,11,16,1,1,0,50
Bad,73,144,2,84,9,6,6,77,2,6,8,20,4,20,0,0,0,98,2,3,4,0,100
Bad,66.0,144.0,3.0,95.0,18,0,0,83.3,3.0,2.0,8.0,34,2,52.9,0.0,0,0,86.4,0.0,2,0,0,50.0
Bad,96.0,140.0,0.0,82.0,13,0,0,100,0.0,2,8,23,4,22,0.0,0,0,88,11,2,0,0,50
Good,38,144,1,69,17,0,0,100,0,0,0,28,4,0,0,1,1,3,2,1,0,0,100
Good,71,140,1,69,23,0,0,100,0,0,0,23,1,22,0,2,2,38,74,3,2,0,33
Good,59,144,4,69,21,0,0,100,0,0,0,28,1,4,0,1,1,20,37,1,1,0,100
Bad,71,196,4,118,15,0,0,100,8,5,5,19,1,0,4,0,0,0.1,0,1,0,0,100
Bad,79,196,1,57,13,0,0,100,0,6,8,23,2,9,0,3,3,60,0,2,0,1,33
Bad,62,210,1,100,15,0,0,100,1,2,8,22,1,23,0,2,2,85,9,3,0,1,50
Bad,85.0,120.0,1.0,80.0,5,0,0,100,0.0,5,5,9,1,0,0,0,0,0.87,0.0,4,0,0,100.0
Bad,64,127,8,64,23,0,0,100,0,2,8,31,0,0,1,5,4,11,0,1,0,0,100.0
Bad,59,225,4,69,16,0,0,78,4,7,8,21,0,10,0,2,2,61,46,1,0,0,100
Bad,58,121,1,69,26,0,0,100,0,7,8,28,2,0,0,3,3,0,0,3,2,0,75
Bad,75,60,2,151,5,0,0,100,32,1,8,16,2,0,5,0,0,100,0,2,0,0,100
Bad,64,137,16,122,15,0,0,93,3,7,8,25,4,36,3,4,4,33,0,3,2,0,33
Bad,63,144,1,119,18,2,2,94,1,5,5,23,3,26,0,3,3,54,29,3,1,0,43
Good,67.0,208.0,4.0,86.0,16,0,0,90,0.0,0,8,25,3,44,13.0,1,1,11,22,3,2,0,60
Bad,55,144,2,86,16,0,0,100,15,8,8,24,1,60,2,1,1,89,86,2,2,0,67.0
Bad,70,174,4,86,19,0,0,100,0,6,9,23,3,26,14,3,3,67,100,2,2,0,100
Bad,59.0,54,3,82,9,2,2,66,3,8.0,8.0,17,1,12,0,0,0,0.0,0.0,4,1,0,100
Bad,72,144,3,84,12,0,0,100,0,6,8,16,2,6,1,0,0,30,30,2,1,1,33.3
Bad,70,129,15,103,15,0,0,100,999,8,8,19,1,0,0,0,0,90,27,2,0,0,67
Bad,55,144,2,84,21,0,0,100,0,1,8,29,2,3,0,0,0,52,0,2,4,0,40
Bad,62,144,0,84,15,0,0,100,0,3,10,27,2,0,0,0,0,72,0,3,0,0,27.3
Bad,71,126,2,84,9,2,3,55,2,7,7,18,1,0,2,1,1,100,0,1,2,2,100
Bad,55,144,2,84,6,0,0,100,0,6,8,21,1,0,2,3,3,0,100,1,0,0,100.0
Bad,71,100,0,84,17,3,3,100,0,6,8,27,1,19,0,3,3,77,0,3,1,0,33
Bad,66,144,1,84,12,1,1,91,1,2,8,23,1,6,0,3,3,83,0,2,2,1,33
Bad,62,333.0,0.0,112.0,20,0,0,100,0,6,8,25,4,24,0,0,0,13,30,2,2,0,33
Bad,90.0,120.0,7.0,69.0,12,0,0,87,1.0,7,8,22,2,23,2.0,0,0,39,34,2,4,0,100
Bad,55.0,144.0,2.0,84.0,26,0,0,96,2.0,6,8,45,3,11,1.0,0,0,90,19,2,1,0,60
Bad,70,146,4,84,5,0,0,80,4,3,7,22,0,0,0,0,0,2,7,1,0,0,100
Bad,59,145,2,84,25,3,0,93,2,5,5,28,1,13,0,3,3,4,3,2,4,0,67
Bad,52,97,2,81,16,0,0,70,2,4,8,29,1,33,2,2,2,12,20,1,5,0,67
Bad,55,144,1,84,18,0,0,88,1,2,8,31,2,0,0,0,0,80,0,3,0,2,47
Bad,68.0,168.0,5.0,84.0,15,2,2,100,0.0,8,8,24,1,11,0.0,0,0,100.0,20.0,2,2,0,100
Bad,62,110,1,92,20,0,0,85,1,5,6,29,2,45,1,0,0,62,0,2,10,0,60
Bad,59,168,4,84,12,2,2,100,13,6,8,19,4,26,2,2,2,20,10,3,1,1,67
Bad,74,159,8,69,8,1,1,81,8,2,8,18,1,22,3,0,0,22,1,2,0,1,25
Bad,70,168,0,84,7,0,0,83,0,7,7,12,1,33,2,0,0,81,0,4,0,0,100
Bad,70,63,2,56,17,0,0,100,0,8,8,25,1,0,0,0,0,100,0,3,0,0,92.3
Bad,72,140,5,84,14,0,0,100,-7,6,8,21,1,43,14,2,2,53,28,2,1,0,100
Bad,58,174,0,84,16,0,0,88,0,6,8,24,1,17,0,0,0,56,0,4,1,0,100.0
Bad,59,50,10,144,7,0,0,100,0,7,8,20,1,0,0,0,0,85,0,2,1,0,33.3
Bad,67,179,4,114,17,0,0,100,9,5,5,23,1,9,3,0,0,38,10,2,3,1,29
Good,72,201,3,134,25,0,0,100,39,2,8,32,1,9,1,0,0,0.6,0.0,1,0,1,100.0
Bad,70,60,2,125,19,0,0,95,2,2,9,20,0,20,25,3,3,19,10,2,2,0,10
Bad,70,138.0,11.0,55.0,5,0,0,100,0.0,6,8,9,1,0,2.0,1,1,0.60,0.00,3,0,0,67
Bad,60,127,9,60,13,0,0,100,0,2,8,31,5,13,4,0,0,100,0,2,1,0,67.0
Bad,66,123.0,7.0,103.0,18,0,0,100,0.0,2,8,23,2,12,0,0,0,82,47,3,1,0,54
Bad,72.0,230.0,2.0,97.0,23,0,0,76.0,2.0,2.0,8.0,34,3,15.0,0.0,2,2,0.0,1.0,2,0,0,71.0
Bad,72,147,17,74,20,0,0,83,17,5,8,29,2,10,6,2,2,66,46,3,1,1,67
Bad,72,126,10,90,20,0,0,100,0,7,8,29,2,3,1,0,0,32,0,3,2,1,57
Bad,58,173,4,83,15,0,0,100,0,7,8,21,1,0,3,2,2,100,0,3,0,0,67.0
Bad,73,57,2,69,19,0,0,83,1,3,7,36,3,11,2,0,0,11,0,4,2,0,100.0
Bad,64,148,4,87,10,0,0,100,0,7,8,18,1,6,0,1,1,29,36,3,1,0,67
Bad,61,98,4,69,7,1,1,100,2,6,8,23,2,9,0,0,0,91,0,3,0,1,43
Bad,60,26,9,151,9,0,0,89,0,6,9,12,0,25,0,0,0,60,0,3,0,0,100
Bad,71,79,4,47,20,2,2,95,4,7,8,29,0,20,6,0,0,12,10,2,0,0,40
Bad,67,144,1,84,21,0,0,92,1,5,5,23,2,0,1,0,0,6,16,3,3,0,75
Bad,67,77,10,105,27,0,0,100,0,6,8,32,3,0,0,0,0,0,0,0,2,3,0.0
Bad,68,141,0,84,10,0,0,100,0,8,8,31,1,29,0,6,6,33,20,1,2,0,33
Bad,686,144.0,15.0,80.0,17,1,1,100,15.0,4,8,25,4,16,0,0,0,100,56,2,3,0,67
Bad,55.0,98,1,69,11,0,0,100,0,5,9,21,1,0,8,4,3,0,0,1,1,1,100.0
Bad,81,154,3,84,14,0,0,80,8,5,8,28,1,4,1,0,0,9,11,1,8,0,67.0
Bad,59.0,163.0,2.0,48.0,8,0,0,80.0,2.0,4.0,8.0,15,3,0.0,0.0,0,0,0.366,0.0,3,0,0,33.33
Bad,53,168.0,1.0,80.0,7,0,0,100,0.0,8,8,11,2,0,0,0,0,0.81,0,2,0,0,33
Bad,70,40,1,72,18,0,0,100,0,8,8,23,5,39,15,1,1,80,0,2,1,0,67.0
Bad,70.0,136,14,111,13,0,0,100,0,8.0,8.0,15,3,0,0,0,0,100,0,2,0,0,33.33
Bad,67,148.0,1.0,84.0,17,0,0,76,0.0,2,8,21,0,0,0,0,0,100,0,3,0,0,33
Bad,71.0,178.0,0.0,129.0,20,2,2,90,2.0,7,8,28,2,20,2.0,0,0,85,13,3,2,0,100
Bad,66,144,1,118,16,4,3,100,0,7,9,23,2,0,0,3,3,100,0,3,0,1,43
Good,46,37,3,122,22,0,0,100,0,0,8,29,2,10,0,0,0,16,17,3,2,0,75
Bad,60,26,2,90,10,0,0,87,2,2,8,21,2,9,0,0,0,64,0,1,4,1,100
Bad,72,23,3,62,13,0,0,88,7,2,8,22,1,14,0,5,5,19,8,1,2,0,50
Bad,94,144,1,87,18,0,0,100,0,8,8,24,2,0,2,2,2,0,61,2,7,0,10
Bad,70,184,4,84,12,0,0,100,0,6,8,20,0,37,1,0,0,79,32,2,3,0,50
Bad,62,144,3,84,23,0,0,100,0,5,8,25,2,0,0,0,0,100,0,1,0,0,100
Bad,72,144,5,85,23,0,0,87,2,2,5,29,3,17,7,3,3,34,42,3,1,0,43
Bad,60,140,17,84,18,1,1,90,15,5,5,24,1,0,1,0,0,98,0,1,0,0,100
Bad,66,177,2,80,16,0,0,81,2,8,8,26,4,19,2,2,2,11,50,2,1,0,64
Bad,52,148.0,1.0,73.2,4,0,0,100,6.0,8,8,7,2,0,10,1,1,84,0,1,0,0,100
Bad,67,126,10,73,17,0,0,100,0,7,8,25,0,36,0,6,6,97,13,3,2,0,47
Bad,77,107,1,144,21,0,0,100,0,8,8,23,1,13,0,6,6,60,0,3,0,0,57
Bad,56,148,2,104,6,0,0,100,2,4,6,14,1,0,0,5,5,0,0,0,0,0,0
Bad,79.0,42,0,96,9,3,3,66,0,5,5,26,0,31,0,1,1,98,0,4,1,0,31
Bad,660,84,20,59,19,0,0,78,0,6,6,24,0,21,0,5,5,52,22,3,1,0,67
Bad,62.0,126.0,10.0,86.0,9,0,0,87,0.0,8.0,8.0,23,2,22,6.0,3,3,100,0,3,2,0,75
Bad,92.0,144.0,2.0,84.0,15,0,0,100,0.0,8,8,29,1,0,0.0,0,0,0.6976744186046512,0.0,2,0,1,86.0
Bad,92,144,1,105,13,0,0,100,1,8,8,16,4,25,3,6,6,4,2,1,6,1,100
Bad,70,101,0,84,8,0,0,100,0,5,8,20,1,0,0,3,3,100,0,2,0,0,67
Bad,62,151,2,84,5,0,0,100,0,7,8,17,1,6,18,0,0,19,0,1,2,0,29
Bad,71,144.0,2.0,84.0,15,0,0,86,8.0,8,8,29,3,0,2.0,4,3,0,0,4,1,0,33
Bad,67,168.0,2.0,91.0,20,0,0,100,0.0,2,8,28,2,3,0.0,0,0,91,0,1,2,1,33
Bad,67,184,2,66,22,1,1,95,2.0,7,8,29,3,62,6,1,1,80,80,3,1,0,27
Bad,70,200,1,109,16,0,0,83,0,0,8,20,2,45,0,0,0,67,44,2,0,0,50
Bad,62,153,9,48,15,0,0,100,0,6,7,23,2,0,18,0,0,100,0,3,0,0,25
Bad,71,144,8,69,10,0,0,100,0,3,8,18,1,0,1,1,1,46,50,1,3,0,10
Bad,60,144,4,84,21,0,0,100,0,7,9,24,1,0,6,3,3,100,0,2,0,0,67
Bad,55,144,1,148,9,3,3,66,1,5,5,23,4,26,0,3,3,98,95,2,2,1,67
Bad,87,153,14,69,23,0,0,100,0,2,8,23,1,0,0,6,6,15,0,1,2,0,100
Bad,65,144,1,84,18,0,0,100,1,7,8,27,2,0,0,0,0,0,84,2,1,0,100
Bad,93,117.0,8.0,86.0,17,0,0,47,0.0,8,8,28,0,0,3.0,0,0,0,0,2,0,0,33
Bad,55.0,96.0,1.0,84.0,9,3,3,100,2.0,2.0,8.0,25,0,36,1.0,3,3,91,0,2,2,1,100
Bad,63,179,1,118,14,0,0,100,0,2,8,29,2,3,1,2,2,6,48,3,2,0,60
Bad,74,109.0,1.0,69.8,16,0,0,100,0.0,6,8,27,1,50,1,6,6,0.29,0.0,2,0,0,29
Bad,62,128.0,1.0,84.0,7,3,4,50,1.0,8,8,20,1,0,0,6,6,100,0,3,0,0,50
Bad,46,79,11,69,17,1,1,100,1,8,8,20,2,5,7,0,0,16,20,1,2,0,100
Bad,67.0,126.0,1.0,81.0,9,0,0,89.5,1.0,2.0,8.0,18,2,16.67,0.0,4,4,98.3,0.0,2,0,2,50.0
Bad,59,144,24,85,20,3,3,100,9,3,8,28,2,10,14,0,0,0,26,1,1,0,100
Bad,74,163,1,117,21,0,0,100,1,4,8,34,6,0,5,3,3,0.82,0.99,2,9,1,91
Bad,68,146,1,5,10,0,0,100,1,4,8,18,2,0,0,0,0,51,111,1,1,1,50
Bad,67,168.0,14.0,84.0,23,0,0,100,0.0,7,7,28,3,21,0,4,4,0.0,0.0,0,2,0,0
Bad,70.0,81.0,11.0,103.0,19,0,0,100,0.0,2.0,8.0,29,3,0,0,0,0,0,0,3,0,1,100.0
Bad,73,26,1,144,13,0,0,100,0,5,5,23,2,0,2,4,3,34,0,2,1,0,55.6
Bad,59,144,1,84,15,0,0,93,0,2,8,23,0,47,1,0,0,8,8,2,0,0,67
Bad,70,147,8,84,13,0,0,100,0,4,8,13,2,0,3,3,2,0,3,6,1,0,57
Bad,59,168,4,84,21,4,2,76,2,2,8,39,4,15,0,0,0,23,8,2,0,0,67
Bad,73.0,123.0,20.0,85.0,23,0,0,100,0.0,2,8,32,2,0,0,0,0,0.0,0.0,1,0,0,100.0
Bad,80,196,2,107,23,3,1,100,2,2,8,34,1,9,2,1,1,7,3,4,9,0,91
Bad,62,197,22,86,9,0,0,100,0,5,5,9,2,0,0,0,0,100,0,3,0,0,67
Bad,55,144,1,142,6,0,0,100,15,8,8,9,1,0,1,0,0,68,1,2,1,0,100.0
Bad,66,144,2,84,19,0,0,94,2,2,8,24,2,25,0,1,1,25,20,2,1,0,67
Bad,65,144,8,117,12,0,0,100,0,6,8,16,0,31,14,1,1,89,0,2,0,0,25
1,56,212,13,118,14,0,0,100,-7,7,7,21,1,67,2,5,2,32,1,2,2,0,67
Bad,59,42,5,105,19,0,0,100,5,2,8,26,3,31,1,2,1,100,0,1,4,1,17
Bad,72,87,11,84,10,0,0,100,0,6,8,19,1,0,2,0,0,98,6,1,1,0,100
Bad,67,148.0,2.0,87.0,15,0,0,100,0.0,6,8,18,2,0,2,3,2,0,54,1,6,0,100
Bad,71,144.0,2.0,87.0,14,0,0,100,12.0,6,6,20,1,0,3.0,0,0,0,27,4,2,0,100.0
Bad,53,144,0,84,10,4,2,100,0,8,8,25,1,20,15,0,0,12,19,2,1,0,67
Bad,73,144,1,84,20,0,0,100,0,8,8,20,0,55,0,3,3,58,22,5,4,1,60
Bad,73,87,2,69,21,0,0,100,0,5,8,31,2,16,4,0,0,98,0,1,0,0,100
Bad,57,148.0,15.0,85.0,23,0,0,75,4.0,5,8,24,1,4,3.0,1,1,43,20,2,1,0,67
Bad,64,54,4,139,24,0,0,100,0,7,8,31,2,29,17,1,1,68,27,4,2,0,33
Bad,59,167,3,84,14,0,0,100,0,7,8,21,0,0,0,6,6,0,46,1,2,0,33
Bad,59.0,81,2,85,19,3,3,89,2,8,8,29,2,3,3,0,0,0,25,3,1,0,43
Bad,59,95,1,87,14,0,0,90,1,1,8,29,2,0,0,1,1,89,0,3,2,0,50
Bad,66,174,4,86,23,0,0,93,0,7,8,28,1,39,1,0,0,3,3,4,1,0,50
Bad,65,144,10,87,23,0,0,100,0,6,8,28,2,21,2,3,3,0,101,1,3,0,33
Bad,64.0,72,2,58,7,0,0,100,0,7,8,22,2,9,1,7,7,90,0,2,1,1,100
Bad,64,198,1,110,15,0,0,100,0,5,6,22,1,0,0,6,6,91,86,2,1,0,50
Bad,72,102,8,84,14,0,0,100,0,5,8,21,0,14,0,0,0,100,0,3,0,0,25
Bad,59,144,5,84,9,0,0,100,5,5,9,21,2,19,0,1,1,82,8,2,3,1,0.0
Good,70,144,2,84,23,0,0,87,0,0,0,31,1,10,1,0,0,11,14,1,2,0,50
Bad,75.0,128.0,1.0,82.0,14,1,1,100,17.0,6,8,32,1,28,1.0,6,6,0.49,0.57,2,1,0,33
Bad,68,140,2,72,14,0,0,100,0,8,8,15,0,47,0,1,1,79,40,1,3,0,33.33
Bad,73.0,70.0,19.0,58.0,21,3,3,100,18,7,7,24,1,0,0,0,0,0.43,0.0,2,0,0,33.33
Bad,71,144,0,84,12,1,1,91,0,2,6,28,1,21,0,0,0,38,14,2,2,0,67
Bad,73,141,2,84,18,0,0,100,0,2,2,25,3,20,14,0,0,58,101,2,1,2,100
Bad,59,351.0,1.0,84.0,6,0,0,100,0.0,4,8,22,0,50,0.0,0,0,87.0,0.0,2,0,1,50.0
Bad,65,51,2,144,24,0,0,83,2,6,8,35,1,20,0,5,5,24,40,2,5,0,43
Bad,55,128.0,1.0,76.0,27,0,0,50,0.0,6,6,29,2,10,0,0,0,0,44,1,2,0,33
Bad,70.0,66.0,2.0,69.0,16,1,1,100,0.0,6.0,8.0,29,3,37,0.0,1,1,70.0,0.0,3,0,0,67
Bad,59,168,5,84,15,5,5,86,1,7,8,20,2,30,3,4,4,12,0,1,3,0,50
Good,59,297,3,94,18,0,0,94,0,2,8,31,4,16,0,0,0,35,11,3,1,0,38
Bad,60,128.0,1.0,109,7,0,0,91,31.0,8,8,23,0,13,0,0,0,62,0,5,0,1,40
Bad,72,196,1,117,13,0,0,87,1,7,8,21,0,0,0,0,0,0,0,2,0,0,55
Bad,67,80,8,117,10,1,1,100,8,7,7,23,2,22,0,1,1,67,50,2,1,0,67
Bad,66,81,33,69,24,2,2,93,2,1,8,34,5,3,2,3,3,26,30,2,2,0,100
Bad,41,126,1,87,16,0,0,100,0,6,6,23,11,0,0,6,3,100,0,2,0,0,22
Bad,89,122,1,68,23,0,0,82,1,6,8,23,2,0,0,0,0,14,12,0,1,0,0
1,68,144.0,8.0,84.0,23,0,0,100.0,0.0,3.0,8.0,29,2,0.0,0,0,0,0.57,0.47,1,0,0,78.3
Bad,61.0,83.0,2.0,143.0,10,0,0,100,0.0,7,8,21,3,9,0,6,6,90.0,0.0,2,0,1,10.0
Bad,70.0,84,2,144,22,0,0,100,2,2,9,30,4,10,0,1,1,91,10,4,3,0,100
Bad,60,26,0,164,9,3,3,77,30,8,8,22,2,45,0,0,0,23,13,4,1,0,64
Bad,65,144,1,89,7,1,1,83,1,8,8,16,0,13,0,0,0,100,0,1,0,1,100
Bad,71,130.0,7.0,84.0,14,0,0,100,0.0,8,8,23,1,0,0,6,6,0,13,5,1,0,20
Bad,53,144,4,84,19,0,0,100,4,7,8,27,3,26,4,6,6,4,18,2,2,0,25.0
Bad,63,109,3,69,11,0,0,100,0,8,8,15,3,7,0,3,3,0,78,2,0,0,33
Bad,64.0,24.0,1.0,69.0,12,1,1,91,1.0,1,2,20,1,10,0.0,2,0,52,16,1,1,0,100
Bad,66,144,16,84,16,0,0,100,16,5,8,22,2,18,0,2,2,81,2,3,1,0,50
Bad,55,177,5,96,15,0,0,100,5,5,5,32,3,0,0,0,0,99,0,2,0,0,50
Bad,59,88,16,84,21,0,0,77,16,2,8,33,2,39,0,1,1,64,69,4,2,0,44
Bad,59,128.0,6.0,84.0,16,0,0,100,125.0,8,8,27,1,0,0,0,0,0,0,0,1,0,0.0
Bad,74,148,2,94,21,2,2,100,1,6,8,24,2,29,0,0,0,91,100,1,1,0,100.0
Bad,63,86,18,66,15,0,0,83,16,2,8,29,2,38,3,0,0,22,11,0,2,0,0
Bad,62,94,17,69,18,0,0,100,0,2,8,28,1,7,0,3,3,94,2,1,2,0,100
Bad,80,140,2,84,23,0,0,100,0,6,6,31,3,0,1,0,0,44,24,2,0,0,33.3
Bad,59,84,11,84,18,0,0,100,0,6,8,29,3,17,12,0,0,0,6,1,4,0,29
Bad,67,126,9,84,4,2,2,50,8,2,8,17,1,0,5,0,0,71,0,2,0,0,100
Bad,68.0,186.0,22.0,86.0,16,0,0,100,0.0,5,8,22,0,0,0,0,0,0.39,0.0,1,0,0,100
Bad,59,128.0,3.0,67.0,19,0,0,76,1.0,5,8,28,1,36,0.0,2,2,98,0,3,1,0,46
Bad,65.0,126.0,1.0,81.0,9,0,0,100,0.0,0,8,27,0,29,0.0,0,0,0.0,71.0,2,4,0,29
Bad,52,144,3,139,21,0,0,76,0,5,8,39,2,3,0,0,0,91,0,7,0,0,57
Bad,80,126,11,69,13,0,0,100,0,2,8,20,2,5,0,0,0,0,7,3,1,1,100
Bad,62,154.0,2.0,142.0,20,0,0,87,2.0,3,10,29,2,20,0.0,4,4,24,50,4,2,0,33
Bad,62,166,1,74,23,1,1,100,1,6,6,34,1,6,1,1,1,41,28,3,1,1,71
Bad,59,165,2,69,9,5,6,85,2,8,8,18,2,11,1,6,0,100,44,4,1,0,33
Bad,55,144,1,84,19,0,0,100,0,7,8,26,1,23,0,0,0,15,66,1,2,0,33
Good,65.0,144.0,3.0,84.0,19,1,1,100,1.0,1.0,2.0,24,2,0,0.0,3,3,0.0,0.0,2,0,1,33
Bad,68,288,4,84,7,0,0,100,4,7,8,24,2,0,0,1,1,14,57,3,1,0,75
Bad,557,144,1,84,23,0,0,100,0,8,8,23,1,0,0,0,0,85,10,5,0,0,15.4
Bad,65,144,2,84,19,0,0,100,2,8,8,21,1,0,0,6,6,47,16,1,4,0,100
Bad,59,123,1,82,15,1,1,93,1,6,8,21,3,33,1,3,3,63,65,3,5,0,67
Bad,67,141,23,84,34,0,0,88,17,7,8,43,7,23,13,3,2,0,0,1,2,0,25
Bad,74.0,124.0,0.0,40.0,5,0,0,100,0.0,2.0,6.0,23,1,0,1.0,1,1,91.0,0.0,3,0,0,50.0
Bad,60,319,21,69,16,0,0,100,21,4,8,24,1,4,1,0,0,47,74,2,1,0,67
Good,52.0,137.0,15.0,126.0,19,0,0,100,-7.0,2.0,2.0,29,3,0,0,1,1,0.0,0.857,2,6,0,42.9
Bad,57,82,2,70,15,0,0,100,0,2,8,22,2,18,0,0,0,100,0,1,0,1,100
Bad,64,151.0,13.0,70.0,7,0,0,100,0.0,2,8,10,0,0,0,0,0,20,0,0,3,0,0
Bad,64.0,120.0,4.0,84.0,16,0,0,100,0.0,5,5,16,2,0,2,2,1,0.6976744186046512,0.0,2,0,0,50.0
Bad,56,261,15,126,15,0,0,100,0,0,8,19,2,0,0,0,0,100,0,2,0,0,50
Bad,71.0,128.0,36.0,84.0,12,0,0,100,-7,6,8,22,3,9,0,3,2,54,36,1,0,0,100
Bad,51,144,3,109,14,0,0,100,28,6,8,20,3,0,3,0,0,71,0,2,0,0,100.0
Bad,71,152.0,13.0,132.0,13,0,0,84,0.0,4,8,23,2,17,1.0,0,0,0.0,0.3,3,1,2,67
Bad,70,140,0,84,7,0,0,100,0,2,2,16,3,38,0,3,3,72,61,2,1,1,33
Bad,58,85,10,69,5,0,0,80,10,7,7,22,1,14,10,0,0,100,0,2,2,0,100
Bad,58,126,10,84,15,0,0,100,0,2,8,24,0,0,17,0,0,0,0,1,8,0,25.0
Bad,66,144,14,84,15,0,0,93,15,2,6,23,1,26,0,3,3,89,3,2,3,0,33
Bad,67,140,4,84,18,0,0,100,0,7,8,19,2,0,0,0,0,0,0,2,0,1,67
Bad,60,168,1,85,20,0,0,100,1,6,6,29,1,0,0,0,0,89,0,3,0,0,33
Bad,61,26,1,80,16,3,3,83,1,8,8,33,3,25,1,1,1,17,23,3,3,0,100
Bad,63,151,23,105,21,0,0,94,23,6,8,26,1,15,7,2,2,2,29,3,2,0,43
Bad,56,135,8,83,16,0,0,100,0,4,8,27,1,11,0,1,1,79,14,2,4,0,67
Bad,72,126,10,117,17,0,0,70.4,5,5,8,26,1,26.9,2,1,0,0.95,0.0,3,0,1,53.8
Bad,74,107,8,97,9,4,2,85,8,3,8,19,2,20,0,2,0,82,8,5,1,1,20
Bad,72,108,1,144,9,0,0,78,1,7,8,40,3,10,1,0,0,87,16,3,1,0,60
Bad,62,144,3,84,13,0,0,100,0,5,5,22,1,14,0,2,2,0,36,2,1,0,100
Bad,71,140,4,84,9,1,1,77,4,5,8,21,0,38,2,6,6,98,74,2,1,0,50
Bad,58,183,4,89,20,0,0,83,1,2,9,29,3,17,4,1,1,32,7,1,5,0,50
Bad,62,147,15,84,13,0,0,100,0,1,7,21,1,0,0,0,0,100,0,1,0,0,50.0
Bad,59,168,0,84,9,1,1,100,0,4,8,25,1,20,0,0,0,100,0,2,1,1,100
Bad,55,144,30,84,17,1,1,88,7,7,8,29,2,10,0,3,3,70,0,3,1,1,50
Bad,67,127,17,84,6,0,0,100,31,3,8,15,1,27,12,0,0,2,11,3,2,1,53
Bad,70,129.0,7.0,83.0,19,0,0,100,0.0,7,7,29,3,10,0.0,0,0,68,18,3,1,0,75
Bad,43,133.0,1.0,109.0,16,1,1,100,1.0,6,6,23,1,22,0.0,5,5,101,0,4,2,0,57
Bad,55,144,1,84,13,0,0,100,0,7,8,23,2,0,0,0,0,100,0,4,1,0,100
Bad,71,144,14,84,23,0,0,100,0,8,8,32,3,0,0,0,0,75,25,1,1,0,100
Bad,67,144,2,69,16,1,1,100,2,4,9,25,4,0,2,0,0,74,0,2,0,0,100
Bad,48,97,1,144,14,0,0,91,1,7,8,28,2,11,0,0,0,65,1,3,0,0,43
Bad,55,144,0,89,11,0,0,91,0,4,8,15,3,0,0,3,3,1,16,1,8,0,0
Bad,70.0,144.0,2.0,85.0,20,2,0,100,0.0,7,8,29,3,20,0.0,0,0,71.0,0.0,6,0,0,67.0
Bad,59,126,5,77,20,0,0,100,0,6,8,28,0,0,2,1,1,69,0,4,0,0,27
Bad,78,81,1,151,19,0,0,100,0,6,6,24,3,33,0,0,0,19,0,1,0,0,100
Bad,79,167,1,121,11,0,0,90,999,3,8,21,1,9,14,4,4,14,26,4,1,0,50
Bad,77,144,2,84,11,0,0,100,0,1,8,26,1,26,14,3,3,70,3,2,1,0,33
Bad,55.0,144.0,3.0,88.0,23,0,0,100,0.0,2.0,8,41,0,24,13.0,1,1,8.0,12.0,4,2,0,57
Bad,79.0,67,2,69,17,1,1,94,2,6,8,27,3,37,2,2,2,11,47,3,2,1,67.0
Bad,57,124.0,13.0,86.0,29,0,0,100,0.0,6,8,39,1,0,25,0,0,0.0,0.0,1,0,0,100.0
Bad,65.0,63,2,84,15,0,0,100,0,8.0,8.0,29,1,0,2,2,2,76.0,0,3,0,3,50.0
Bad,64.0,127.0,1.0,78.0,22,0,0,100.0,0.0,8.0,8.0,22,1,0.0,1.0,3,3,0.66,0.0,1,0,0,100.0
Bad,73,144,1,84,13,0,0,100,0,8,8,27,3,7,1,6,6,35,28,1,2,0,33
Bad,73,41,11,109,7,0,0,87,0,6,8,15,2,20,0,0,0,72,34,2,0,0,20
Bad,73,144,1,84,16,1,1,100,1,2,8,23,1,13,0,4,4,20,43,4,2,0,44
Bad,58,166,2,89,15,3,3,100,2,7,8,24,1,8,0,0,0,38,23,4,1,1,83.3
Bad,55,144,10,69,23,0,0,100,0,2,8,29,3,0,0,6,6,22,27,1,6,0,20.0
Bad,62,144,1,87,6,0,0,100,0,6,6,28,2,11,0,0,0,71,0,1,0,0,100
Bad,68,23,2,67,9,9,3,82,2,8,8,24,2,10,2,3,3,52,21,2,1,1,67
Bad,57,144,12,84,11,0,0,100,0,2,8,14,1,15,24,2,2,42,30,1,2,0,22.0
Bad,59,192,4,84,8,0,0,100,0,8,8,20,1,0,0,0,0,100,0,2,0,0,100
Bad,71,196,1,240,18,0,0,100,0,5,8,25,1,8,0,6,6,76,33,3,5,0,100
Bad,65.0,144.0,4.0,84.0,16,0,0,84,0.0,5.0,8.0,21,1,0,1.0,1,1,77,0,9,2,1,60
Bad,75,26,1,109,16,3,0,100,1,2,8,19,0,21,1,0,0,75,0,2,1,0,33
Bad,59,140,2,84,8,1,1,83,2,7,8,23,0,26,0,1,1,30,44,2,3,1,50
Bad,66,144,3,73,7,0,0,83,3,5,8,24,3,0,0,0,0,82,8,2,1,2,67
Bad,64,126,1,58,16,0,0,100,0,6,8,31,3,6,0,0,0,91,0,2,1,1,67
Bad,59,125,3,54,15,0,0,100,0,5,8,29,0,0,0,6,6,0,100,0,9,0,0.0
Bad,66,165,20,85,17,0,0,100,0,2,8,25,2,11,0,0,0,3,20,2,1,0,45
Bad,68,126.0,1.0,78.0,19,0,0,85,31.0,7,9,24,1,0,0,0,0,100,0,2,0,0,50
Bad,55,107.0,1.0,5.0,23,0,0,100,8.0,6,6,23,1,35,18.0,0,0,1,10,0,2,1,0
Bad,60,168.0,1.0,86.0,16,0,0,95,2.0,8,8,23,1,0,3.0,0,0,0.0,0.0,3,0,1,43
Bad,55,144,1,110,15,0,0,93,1,2,8,28,3,14,0,2,2,32,22,2,3,0,100
Bad,60,85,15,84,22,3,4,95,2,6,8,34,2,44,1,5,2,4,62,4,2,0,50
Bad,65,144,1,84,13,0,0,100,0,8,8,21,1,0,0,0,0,100,0,1,4,0,100
Bad,71,200,1,148,16,2,2,100,1,7,8,22,1,0,0,0,0,0,0,3,0,1,75.0
Bad,62,144,3,84,7,0,0,85,3,4,6,19,1,32,3,4,3,90,100,1,6,0,33
Bad,62,127.0,1.0,82.0,0,3,3,0.0,1.0,6,8,17,1,0.0,1.0,3,3,1.0,0.0,1,0,0,100.0
Bad,62,81,2,84,12,0,0,84,10,6,8,20,0,0,6,4,4,100,0,3,0,0,50
Bad,72,144,1,78,10,0,0,88,8,7,8,23,2,17,0,3,3,20,75,2,1,0,100
Bad,72,172.0,1.0,84.0,18,0,0,100.0,0.0,5,5,24,2,8.3,0,1,1,20.0,0.0,1,1,0,100.0
Bad,65,144,2,109,9,0,0,100,0,7,8,19,0,89,0,0,0,100,0,2,5,0,33
Bad,95,120.0,1.0,69.0,15,0,0,73,5.0,6,6,28,2,27,0.0,6,0,5,22,3,4,0,67
Bad,86,118.0,8.0,84.0,19,0,0,84,0.0,5,8,29,2,48,4.0,4,3,69,22,4,0,0,29
Bad,55,144,2,84,23,0,0,100,0,8,8,29,1,3,0,0,0,77,50,1,0,0,50
Bad,45,144,0,142,14,0,0,100,0,6,8,45,2,13,0,1,1,25,0,1,0,0,25
Good,66,144,2,123,18,0,0,100,0,0,9,23,2,0,2,0,0,39,0,2,1,0,64
Bad,73,98,1,84,19,3,4,100,1,8,8,28,2,3,4,0,0,100,100,3,2,0,86
Bad,46,144,1,87,23,0,0,100,1,7,8,47,0,47,0,0,0,3,12,2,2,0,100
Bad,67,186,1,109,23,0,0,76,1,1,8,29,2,17,0,0,0,74,16,2,2,0,67
Bad,62,148,11,84,16,0,0,100,0,2,3,23,1,0,14,2,1,47,22,2,2,0,100
Bad,56,186,15,69,19,0,0,78,15,8,8,24,1,0,7,3,3,13,34,1,0,0,100
Bad,62,127,1,87,16,0,0,100,1,7,8,20,3,10,0,0,0,60,80,4,1,0,25
Bad,68.0,227.0,0.0,81.0,14,0,0,100,0.0,7,8,23,0,0,0.0,1,1,100,0,5,0,1,60
Bad,61,144,2,84,23,0,0,100,0,6,6,29,1,0,0,1,1,0,11,2,3,0,67
Bad,67,124.0,11.0,80.0,9,0,0,100,0.0,0,9,23,0,0,11,1,1,0.6,0.0,3,0,1,75.0
Bad,71.0,128.0,0.0,79.0,9,0,0,100,0.0,3.0,8.0,24,4,0,0.0,0,0,0.0,0.0,3,0,1,75.0
Bad,67,76,15,84,23,0,0,76,15,5,8,26,2,8,0,0,0,98,0,5,0,1,60
Bad,68,148,4,84,9,3,4,88,17,8,8,22,1,23,12,4,4,84,0,2,4,1,55
Bad,70,144,1,84,23,0,0,91,0,8,8,23,12,22,0,0,0,0,34,2,1,1,67
Bad,75.0,84,2,84,7,0,0,100,0,7,8,17,2,11,0,0,0,67,33,2,2,1,50
Bad,67,271,1,109,9,0,0,78,2,2,8,15,0,20,0,0,0,80,0,2,0,0,50
Bad,57,148,8,47,16,1,1,100,8,6,8,24,0,0,0,0,0,100,0,2,0,0,33.3
Bad,60,144,2,84,5,0,0,100,2,2,8,22,1,36,0,0,0,100,0,1,0,0,100
Bad,69,40,10,84,13,0,0,100,0,6,8,23,2,22,0,1,1,90,0,6,2,0,60
Bad,70,168,15,84,10,1,1,75,15,5,8,23,2,30,0,0,0,0,0,1,2,0,33
Bad,71,126,0,84,13,0,0,100,0,7,8,25,0,56,0,0,0,8,21,2,0,0,38
Bad,64,148.0,3.0,88.0,23,0,0,82,8.0,7,8,27,2,0,0,6,0,0,0,2,0,0,50
Bad,65,103.0,1.0,84.0,8,0,0,100,0.0,4,8,9,1,0,3.0,2,0,0.0,0.0,1,0,1,100.0
Bad,58,150,1,86,28,0,0,93,2,1,8,52,2,12,1,0,0,15,20,3,2,0,50
Bad,65.0,144.0,2.0,87.0,9,0,0,100,0.0,8.0,8.0,22,1,36,1.0,4,3,74.0,97.0,2,7,0,15
Bad,70.0,125.0,1.0,63.0,7,0,0,85.0,0.0,3.0,9.0,20,1,10.0,0.0,0,0,62.0,100.0,3,2,0,50.0
Bad,63,145,9,78,17,0,1,83,9,5,8,29,1,7,9,0,0,56,33,2,2,0,50
Bad,55,144,2,84,16,0,0,100,0,2,9,25,3,0,0,0,0,100,0,2,0,0,67.0
Bad,59,109.0,1.0,87.0,15,0,0,100,0.0,7,8,32,1,3,0,0,0,0,26,2,1,0,67
Bad,71,322,1,129,10,0,0,100,0,8,8,19,1,47,0,0,0,98,0,2,0,0,100
Bad,94,117,1,106,16,0,0,100,1,8,8,21,0,43,0,0,0,78,10,7,0,0,100
Bad,72,167,2,144,19,0,0,100,0,8,8,24,3,0,0,0,0,0,0,0,3,0,33.3
Bad,52,126,1,147,18,0,0,100,0,6,8,25,3,40,3,2,1,52,10,2,1,0,50
Bad,66,144,2,84,14,0,0,100,2,6,6,28,3,32,0,1,1,8,33,3,4,0,60
Bad,71.0,26.0,8.0,109.0,14,0,0,100,0.0,6.0,7.0,20,0,0,0.0,0,0,0.54,0.0,2,0,0,33.0
Bad,59,127,9,82,20,1,1,87,1,5,8,23,0,17,0,3,3,62,15,2,1,0,60
Bad,64,189,2,96,27,1,1,96,2,4,8,36,1,17,0,0,0,27,0,3,10,2,47
Bad,52.0,151.0,10.0,84.0,23,0,0,100,25.0,2.0,8.0,28,4,0,0,1,1,47.0,16.0,2,1,0,100.0
Bad,58,128.0,12.0,70.0,21,3,1,100,3.0,6,8,34,2,13,5.0,5,5,98,0,3,0,0,100
Bad,71,10,1,69,7,0,0,100,0,7,8,20,2,0,3,0,0,8,22,2,3,0,67
Bad,66,140,6,84,14,0,0,100,0,2,9,24,1,0,0,0,0,82,10,3,2,0,75
Bad,72,168.0,4.0,84.0,23,0,0,100,0.0,9,9,23,1,17,0,3,3,0,18,2,4,0,33
Bad,59,47,0,69,14,0,0,100,0,6,8,20,1,5,0,0,0,100,0,1,0,0,100
Bad,59,148,4,84,15,0,0,93,2,5,8,23,3,13,0,0,0,48,13,2,1,0,36
Bad,56,121,1,79,15,0,0,100,0,5,5,26,1,31,0,6,6,100,50,2,1,0,50.0
Good,76,144,2,109,27,0,0,93,0,2,2,33,2,36,5,0,0,24,5,2,1,1,50
Bad,63,124.0,2.0,137.0,20,0,0,83,8.0,2,8,24,3,0,1.0,1,0,7,0,2,0,0,33
Bad,69,140,3,70,13,0,0,100,0,7,8,15,1,0,0,1,1,0,0,0,0,0,0
Bad,68,126.0,9.0,79.0,7,3,3,100,9.0,7,8,22,3,0,2.0,4,4,0.98,0.0,2,0,1,50.0
Bad,60,81,1,69,17,0,0,100,0,0,8,29,1,28,0,0,0,77,0,2,0,1,29
Bad,66,148,1,92,8,4,2,100,1,7,8,20,2,0,0,0,0,100,0,3,0,0,50.0
Bad,59,27,2,69,15,2,2,86,2,2,8,20,1,35,6,0,0,11,42,2,1,0,50
Bad,67.0,140.0,4.0,67.0,8,0,0,100.0,0.0,7,8,20,1,0.0,0.0,0,0,1.0,0.0,2,1,0,25.0
Bad,60,26,2,75,14,0,0,83,2,6,8,29,6,17,3,2,2,100,0,3,0,0,33
Bad,70,25,0,96,17,0,0,100,0,1,8,31,2,19,0,0,0,18,3,3,0,0,34
Bad,60,128,13,75,15,1,1,83,13,2,8,25,1,48,4,1,1,64,79,4,3,0,33
Bad,68,144.0,9.0,95.0,8,0,0,100,0.0,2,8,13,0,46,2.0,0,0,98,0,2,1,0,33
Bad,55,105,4,84,9,0,0,78,8,3,7,20,2,0,0,0,0,0.47,0.35,2,1,1,50
Bad,59,145,1,84,24,0,0,100,0,2,6,27,2,18,0,0,0,84,15,4,2,0,36
Bad,76,109.0,1.0,84.0,11,1,1,100,1.0,3,8,17,1,47,7,0,0,21,62,2,2,0,50
Bad,71,23,1,69,21,4,2,76,0,3,8,29,1,0,0,0,0,43,2,3,2,0,47
Bad,90,107,1,144,18,0,0,100,0,4,5,23,1,0,0,0,0,0,0,3,0,1,67.0
Bad,73,144,1,87,11,0,0,100,0,7,8,18,3,0,14,1,1,0,0,1,0,0,100
Bad,75,144,2,87,14,3,3,100,2,6,8,25,3,0,1,0,0,0,46,0,2,0,50
Bad,60.0,168.0,5.0,109.0,20,1,1,85,1.0,8.0,8.0,28,2,18,21.0,1,1,64,34,3,6,0,50
Bad,59,144,1,115,18,0,0,83,1,7,7,38,2,21,0,0,0,67,88,2,5,0,100
Bad,70,144,0,84,32,0,0,100,0,7,8,36,1,0,0,0,0,77,100,3,4,0,100
Bad,68,144,24,84,5,1,1,70,1,2,8,16,1,19,1,6,3,91,0,2,0,1,50
Bad,62,109,0,84,13,1,0,85,0,8,8,24,0,33,0,0,0,100,0,2,0,0,100
Bad,60,49,12,166,16,0,0,100,0,8,8,23,0,0,2,1,1,100,0,2,0,0,100
Bad,71,120.0,1.0,78,8,0,0,100,0.0,8,8,15,0,47,0,1,1,82,10,2,1,0,33.3
Bad,62.0,140.0,1.0,84.0,20,0,0,80,0.0,0,8,29,1,3,0.0,0,0,58.5,11.2,3,0,0,33.3
Bad,78,48,12,65,21,1,1,100,2,5,8,29,1,0,12,0,0,0,22,1,2,1,100
Bad,74,170.0,1.0,49.0,22,1,1,95,1.0,7,8,31,2,6,1.0,0,0,0,44,4,2,0,100
Bad,65,144,2,84,17,0,0,100,0,7,8,24,1,4,0,0,0,100,0,2,0,0,100.0
Bad,55,144,1,101,9,0,0,61,8,5,7,19,1,0,6,0,0,68,25,2,1,0,67
Bad,71,144,9,93,23,0,0,100,0,8,8,31,2,13,13,0,0,82,8,1,4,0,100
Bad,51,144,10,84,18,1,1,100,2,6,8,28,0,7,6,3,3,96,80,3,0,0,100
Bad,70,153.0,4.0,82.0,20,0,0,70,4.0,7,8,38,1,47,0,0,0,75,33,12,1,0,67
Bad,65.0,144.0,2.0,84.0,20,0,0,90,2.0,7,8,28,1,21,2.0,0,0,75,73,4,2,0,86
Bad,65,218,2,40,11,0,0,100,0,6,8,14,2,0,0,0,0,10,50,3,0,0,33
Bad,62,148.0,4.0,78.0,12,0,0,100,0.0,2,2,15,1,7,0,2,2,8,17,1,2,0,33.3
Bad,59,144,13,84,20,4,2,90,8,5,8,31,3,10,0,5,5,17,1,3,1,0,33
Bad,71,144,1,104,15,0,0,100,0,8,8,27,0,37,0,0,0,4,5,0,4,0,0
Bad,72,142,1,90,21,0,0,100,0,8,8,44,1,20,0,0,0,59,11,2,4,0,9
Bad,73,145,8,84,19,0,0,94,8,7,8,23,3,0,4,0,0,100,0,2,0,0,55
Bad,61,143.0,5.0,78.0,20,3,1,85,23.0,6,8,24,2,0,0,0,0,58,0,1,0,0,100
Bad,51,168,2,67,12,0,0,100,2,2,8,18,1,0,27,6,6,0,3,1,3,0,100
Bad,67,96,9,69,14,0,0,93,9,6,6,21,1,38,0,2,2,12,10,3,3,0,57
Bad,58,125,1,77,17,0,0,100,0,4,8,24,2,0,0,0,0,83,28,3,0,1,75
Bad,63,149,1,87,15,0,0,100,1,6,6,22,1,0,0,0,0,0,100,2,0,0,36
Bad,59,192,9,129,12,0,0,100,0,6,8,17,0,0,1,3,1,100,100,1,0,1,100
Bad,67,133,5,88,20,1,1,85,5,4,8,23,1,4,2,2,1,77,75,3,2,1,67
Bad,63,148,10,84,16,0,0,100,0,0,6,24,2,0,0,0,0,40,20,2,0,0,100.0
Bad,62.0,109.0,1.0,84.0,11,0,0,81,0,8,8,19,1,11,0,0,0,98,0,4,1,3,57
Bad,72,165,4,84,8,1,1,62,4,1,8,16,2,12,0,0,0,70,1,3,1,0,60
Bad,68,34,3,144,19,0,0,100,0,7,8,29,2,21,7,6,6,170,14,2,1,1,67
Bad,66,144,1,86,8,0,0,81,1,5,8,16,1,19,0,0,0,68,27,2,2,0,50
Bad,62,120,1,84,11,0,0,88,1,5,8,21,1,19,0,0,0,83,80,2,1,0,57
Bad,73,126,4,69,18,0,0,100,0,8,9,20,2,60,0,2,2,0,67,3,2,0,25
Bad,72,168.0,3.0,79.1,13,0,0,84,14.0,6,8,24,0,18,0,2,2,10,31,2,7,0,100
Bad,70,111,1,141,23,0,0,88,11,5,5,38,4,26,0,2,2,49,54,3,2,0,43
Bad,70,174.0,4.0,98.3,12,0,0,83,4,8,8,23,3,39,0,1,1,84,27,4,2,0,33
Bad,62,109,1,73,7,0,0,100,1,7,7,18,1,22,1,0,0,101,16,4,2,1,57
Bad,67,144,1,104,20,4,1,100,1,9,9,27,0,26,1,0,0,72,53,4,1,0,57
Bad,64,173,4,82,9,0,0,87,8,8,8,15,3,20,0,0,0,9,20,1,0,0,33
Bad,59,121.0,2.0,78.0,23,0,0,100,0.0,8.0,8.0,23,6,26,0.0,0,0,101,85,2,1,0,50
Bad,78,8,1,107,12,0,0,100,-7,8,8,24,3,0,1,0,0,100,0,1,0,0,100
Bad,60,144,4,84,23,0,0,100,0,6,6,37,0,0,0,0,0,0,0,2,0,0,50
Bad,66,153,8,111,4,0,0,100,0,5,8,20,1,0,0,0,0,40,40,1,0,1,100
1,73,126,1,130,22,0,0,76,0,0,7,28,1,7,0,0,0,19,6,1,0,0,100
Bad,73,140,3,69,23,0,0,87,3,6,8,25,1,4,12,1,1,11,3,1,2,0,50
Bad,62,183,4,84,14,0,0,100,0,0,8,27,2,18,22,2,2,5,15,4,2,1,56
Bad,68,126.0,10.0,79.0,18,0,0,83,0.0,3,8,22,1,18,0,0,0,23,2,1,3,0,33
Bad,55,144,1,84,12,0,0,100,0,8,8,26,5,0,0,0,0,0,0,3,0,1,100
Bad,51,174,4,84,17,2,2,100,4,5,8,23,0,22,0,0,0,98,1,2,1,1,67
Bad,70,145,3,58,9,0,0,85,3,7,8,17,2,0,0,2,2,97,0,1,2,0,100
Bad,65,144,25,84,9,0,0,100,0,7,8,23,1,21,0,0,0,58,96,5,2,1,20
Bad,60,95,8,54,23,0,0,100,0,0,6,24,3,0,5,0,0,100,0,3,0,0,100
Bad,74,148,25,84,13,0,0,100,nan,6,8,20,2,15,0,0,0,100,15,2,1,1,33.33
Bad,58,126,2,78,3,0,0,81,2,7,8,16,2,25,2,0,0,96,0,1,0,0,100
Bad,62,164,1,94,13,0,0,100,1,7,9,20,3,0,1,0,0,0,13,2,2,0,100
Bad,55,144,2,69,16,0,0,100,0,6,7,19,1,0,1,2,2,25,0,3,2,0,60.0
Bad,68,140,0,103,7,0,0,100,0,6,8,23,2,0,0,0,0,100,0,2,0,0,33.3
Bad,55,144,1,109,21,1,1,100,1,6,8,35,2,0,0,0,0,40,0,2,5,0,33
Bad,64,117,8,142,19,0,0,100,0,7,8,26,3,12,0,0,0,74,30,3,1,1,60
Bad,68,148,2,84,23,0,0,85,14,0,8,28,0,21,0,0,0,93,0,3,2,0,46
Bad,65,144,5,84,14,0,0,100,0,5,8,42,3,29,0,0,0,68,75,1,2,0,33
Bad,68.0,102.0,1.0,67.0,6,3,4,100,1.0,7.0,8.0,22,1,18,0.0,0,0,100.0,0.0,2,0,0,22
Bad,62,140,15,84,9,0,0,100,0,3,8,19,0,0,4,1,1,0,0,2,1,1,33.3
Bad,58,168,8,84,6,0,0,100,8,6,6,22,1,0,0,0,0,91,0,3,0,1,100
Bad,87,146,1,75,21,0,0,100,2,5,8,28,2,0,3,1,1,0,33,0,4,0,0
Bad,59.0,126.0,10.0,78.0,13,0,0,100,0,4,8,21,1,19,0,0,0,47.0,0.0,2,0,1,60
Bad,59,188,14,67,14,2,2,93,14,7,8,32,2,6,5,3,2,6,16,3,2,0,100
Bad,64,119,8,95,21,1,1,95,8,2,8,28,2,4,4,0,0,14,60,4,2,0,100
Bad,66,167,16,120,16,5,5,100,16,5,8,32,5,19,1,2,2,90,13,5,2,0,57
1,71,167,1,144,16,0,0,87,-7,8,8,29,2,28,4,0,0,0,22,2,4,0,100
Bad,65,144,4,84,11,0,0,100,0,2,8,17,0,6,1,6,5,100,0,0,2,0,0
Bad,55,144,15,72,8,0,0,100,0,8,8,15,2,0,4,2,2,100,0,1,0,1,100
Bad,59.0,117,1,69,21,2,2,100,0,8,8,29,4,0,0,0,0,77,35,3,1,0,33
Bad,62,144,3,94,15,0,0,93,15,2,8,29,3,28,1,0,0,1,23,1,2,1,100
Bad,68,88,16,84,15,0,0,93,0,6,8,24,4,29,3,0,0,79,84,5,2,0,33
Bad,67,182,2,82,13,0,0,100,0,8,8,23,0,18,0,6,0,100,0,3,0,0,100
Bad,55,144.0,1.0,84.0,23,0,0,91,5.0,7,8,31,2,23,0.0,0,0,2,2,2,1,0,33
Bad,66,122,0,70,12,0,0,100,0,1,8,24,3,25,0,3,3,16,47,2,4,0,67
Bad,56,149.0,2.0,84.0,16,3,3,100,2.0,8,8,29,1,0,0.0,0,0,100,0,2,0,1,50
Bad,59,165,1,81,10,0,0,100,9,9,9,23,1,14,0,3,3,74,61,2,1,0,33
Bad,39,155,32,109,13,0,0,100,0,8,8,21,1,0,3,3,1,0,0,2,0,0,33.3
Bad,64,177,0,82,14,0,0,100,0,2,8,22,1,14,11,1,1,0,2,2,1,0,50
Bad,58,196,1,108,10,1,1,100,1,3,10,26,2,31,0,4,4,52,11,2,1,1,33
Bad,62,188,4,84,16,0,0,100,34,7,8,20,2,10,0,2,2,1,25,2,1,0,60
Bad,55.0,206.0,2.0,71.0,3,0,0,100,0.0,6.0,8.0,3,0,0,1.0,1,1,100,0,1,0,0,100
Bad,73,188,15,84,16,0,0,100,7,7,8,25,2,0,2,0,0,0,84,2,8,0,67
Bad,72,26,10,67,5,0,0,100,0,5,8,22,3,23,3,0,0,10,20,2,2,0,67
Bad,72,170,1,110,18,0,0,100,1,7,8,24,3,4,0,1,1,0,73,2,0,0,33
Bad,47,131,2,80,6,0,0,100,0,3,8,22,0,0,1,5,4,54,13,2,0,0,100
Bad,67.0,150.0,12.0,84.0,8,0,0,93,0.0,2.0,8.0,23,1,22,0.0,0,0,25,39,0,0,1,0.0
Bad,52,111,1,84,17,0,0,100,1,8,8,25,2,28,0,0,0,73,100,3,4,0,100
Bad,70,144,2,84,17,4,2,100,0,6,8,32,1,3,1,6,6,0,94,3,1,1,67
Bad,59,56,0,34,12,0,0,100,0,5,9,23,2,22,0,0,0,73,0,5,2,0,100
Bad,60,196,0,85,5,1,1,73,0,7,8,23,3,45,0,2,2,100,60,2,2,1,100
Bad,60,121.0,1.0,69.0,15,0,0,86.7,0.0,6,6,18,2,47.1,0.0,0,0,59.0,14.0,1,8,0,100.0
Bad,45,144,3,84,15,0,0,93,0,5,8,23,3,17,0,3,3,27,33,3,1,0,53
Bad,72,148.0,6.0,81.0,8,0,0,87,70.0,7,8,13,1,31,0,0,0,68,1,1,3,0,100
Bad,62.0,136.0,6.0,101.0,21,0,0,100,0.0,8.0,8.0,21,1,0,6.0,1,1,0.6,0.0,2,0,1,50.0
Bad,59,144.0,10.0,84.0,4,0,0,100,0.0,4,4,8,0,50,0.0,6,6,98,0,1,1,0,100
Good,71,128.0,17.0,120.0,22,0,0,93,0.0,0,3,30,2,33,4,2,1,5,80,6,2,0,100
Bad,64,128,1,84,19,0,0,100,0,5,8,24,2,0,0,6,6,87,2,6,1,0,40
Bad,60,144,1,84,15,0,0,86,1,7,8,23,3,17,0,0,0,16,6,3,2,0,96
Bad,66,94,2,84,19,0,0,78,2,2,8,25,1,20,14,0,0,15,11,2,4,0,100
Bad,66,144,22,84,17,0,0,94,76,6,8,29,1,38,3,6,5,43,13,4,0,0,40
Bad,72,144,2,84,14,0,0,100,0,8,85,20,1,0,0,0,0,51,0,2,1,0,50
Bad,72,164.0,1.0,84.0,23,0,0,100,0.0,6,6,29,2,30,6.0,2,1,9,31,2,6,2,100
Bad,65,144.0,3.0,36.0,21,0,0,100,0.0,8,8,23,2,0,1.0,1,1,10,0,5,0,0,40
Bad,71,201,6,129,7,0,0,100,0,1,9,18,1,0,23,1,1,0,0,0,0,0,0
Bad,73.0,76.0,16.0,69.0,21,3,4,100,1.0,8.0,8.0,31,2,52,0.0,0,0,100.0,0.0,2,0,2,33
Bad,59,144,4,84,45,0,0,93,0,8,8,47,1,11,0,0,0,94,61,1,0,0,100
Bad,688,144.0,2.0,81.0,20,0,0,100,0.0,0,7,28,5,0,1.0,2,1,0.0,0.0,0,4,0,0.0
Bad,59,96,0,84,20,3,3,90,1,5,8,29,1,7,23,2,2,11,9,2,1,0,75
Bad,55,144,0,84,21,1,1,81,0,8,8,24,2,25,0,0,0,68,12,3,4,1,33
Bad,55,111,1,84,19,0,0,94,0,1,8,44,1,23,25,0,0,64,23,6,2,0,45
Bad,73.0,92.0,1.0,69.0,12,0,0,91,0.0,5.0,8.0,22,2,9,1.0,0,0,0.47,0.0,3,0,0,73
Bad,57,122.0,1.0,83.5,19,0,0,97,1.0,3.0,8.0,22,1,0,0,2,2,0,25,2,1,0,100
Bad,69,144.0,8.0,120.0,10,0,0,100,0.0,6,8,15,1,33,0.0,1,1,87,50,4,1,1,44
Bad,66,144,1,84,24,0,0,85,1,8,8,24,1,0,0,0,0,86,0,3,0,0,75
Bad,62,115,1,144,23,0,0,100,0,9,9,23,6,0,4,1,0,97,0,2,0,0,100
Bad,61,168,4,85,16,0,0,100,0,4,8,32,1,13,0,0,0,21,9,2,2,0,33
Good,60,168,4,87,15,0,0,100,0,0,0,28,2,4,0,0,0,32,29,2,1,0,57
Bad,62,196,0,69,16,0,0,100,0,6,6,16,0,25,6,0,0,83,100,2,0,0,67
Bad,85,269,4,100,19,0,0,84,0,6,8,29,1,3,5,2,2,54,29,2,0,0,67
Bad,56,174,0,48,20,1,1,85,0,5,5,23,2,8,0,0,0,0,13,2,3,0,33
Bad,59,204.0,0.0,128.0,24,0,0,100,nan,7,8,31,2,19,1.0,0,0,100,0,1,0,0,100
Bad,67,148,2,84,14,0,0,100,2,2,8,29,3,3,2,1,1,87,69,3,1,1,67
Bad,65,144,2,84,20,1,1,100,2,6,8,28,2,4,0,3,3,72,0,1,1,0,100
Bad,56,26,6,73,15,0,0,66,0,8,8,23,4,17,3,1,0,13,0,2,1,0,75
Bad,55,151,2,42,9,0,0,100,0,6,7,29,1,17,0,3,3,64,24,2,1,0,67
Bad,67,144,14,78,5,0,0,100,0,0,8,20,2,70,9,0,0,59,0,1,0,0,100
Bad,65,144,1,84,14,0,0,93,1,3,6,21,1,10,3,1,1,11,8,2,2,0,100
Bad,54,140,16,84,23,0,0,87,16,2,8,31,3,23,6,1,1,47,25,1,4,0,33
Good,75,64,2,95,19,0,0,94,0,0,3,28,1,32,0,2,2,5,25,4,1,0,57
Bad,68,144,1,104,21,2,2,100,2,2,8,38,1,50,0,2,1,100,50,2,1,0,100
Bad,67,144,2,84,20,1,1,85,2,6,8,29,1,17,2,1,0,30,47,4,2,0,31
Bad,73,144,1,84,11,0,0,81,1,7,8,23,1,0,0,3,3,19,5,2,1,1,45
Bad,72,140,14,85,12,0,0,100,0,8,8,22,0,36,14,0,0,97,101,4,0,0,36.36
Bad,65.0,197.0,4.0,96.8,14,0,0,78.95,0.0,2.0,8.0,21,2,4.76,13.0,0,0,0.0,26.0,2,1,0,50.0
Bad,68,81,2,104,29,0,0,76,2,2,8,31,1,3,1,2,2,89,8,3,2,0,50
Bad,59,92,2,69,17,0,0,100,2,1,9,23,2,39,0,0,0,98,0,1,7,0,100
Bad,58,93,0,73,14,1,1,86,0,8,8,23,2,0,0,0,0,0,0,2,2,0,100
1,71,144,1,84.0,16,0,0,100,0,0,8,23,0,73,0,0,0,85,0,3,1,0,100
Bad,60.0,177.0,4.0,79.0,13,0,0,100,0.0,3.0,8.0,20,1,0,4.0,0,0,100.0,0.0,2,0,0,33
Bad,58,66,2,78,21,0,0,100,0,6,8,31,0,100,0,0,0,93,0,0,0,0,0.0
Bad,47,109.0,1.0,105.0,24,3,0,95,7.0,7,8,31,1,0,0.0,1,1,89,0,3,0,2,100
Bad,73,26,1,69,8,0,0,100,2,2,8,14,0,36,0,3,3,91,0,3,0,1,43
Bad,67,141,2,77,19,0,0,100,2,7,8,29,1,0,1,3,3,98,0,5,0,0,60
Bad,50.0,34.0,4.0,69.0,15,0,0,60.0,0.0,8.0,8.0,23,1,0.0,0.0,0,0,0.0,0.0,0,0,0,0.0
Bad,80,148,1,69,19,0,0,100,0,8,8,19,2,58,1,0,0,0,47,1,7,1,100
Bad,75.0,42.0,5.0,91.0,18,0,0,100,0.0,0.0,6.0,24,1,29,14.0,2,2,40.0,26.0,2,2,0,67
Bad,72,126,10,82,7,0,0,83,16,2,8,16,2,33,1,0,0,2,3,1,1,0,50
Bad,71,144,3,84,12,0,0,100,19,8,8,23,2,0,1,3,3,68,0,1,2,0,33.33
Bad,56,54,0,144,9,0,0,85,0,0,8,20,1,45,0,0,0,23,0,2,0,0,50
Bad,58,109,17,84,14,1,1,96,2,2,6,23,1,48,6,2,2,91,0,2,1,0,55
Bad,60.0,100.0,2.0,69.0,17,0,0,66.7,10.0,1,9,28,2,21.4,2.0,3,3,0.59,0.0,3,0,0,42.9
Bad,44,148,2,84,14,0,0,100,0,5,5,23,1,17,0,0,0,101,24,2,1,0,50
Bad,59,144,4,118,23,1,1,100,4,2,8,31,0,0,0,0,0,0,74,3,0,0,50
Bad,67,148,2,83,23,1,1,100,2,6,8,23,2,26,0,4,4,88,0,5,0,1,40
Bad,66,144,2,84,14,0,0,93,2,5,8,22,1,18,0,0,0,24,43,1,5,0,100
Bad,60,148,13,79,15,0,0,100,0,7,8,23,2,0,0,0,0,100,0,2,0,0,33
Bad,67,126,2,69,17,0,0,100,0,6,7,27,5,0,0,0,0,76,0,4,0,1,100
Bad,51,176,1,84,18,0,0,100,0,7,7,29,2,3,1,6,6,99,0,4,2,0,100
Bad,70,167,2,35,9,0,0,85,2,2,8,13,1,31,2,4,4,55,0,1,1,0,100
Bad,53,144,8,84,21,0,0,100,0,8,8,32,2,34,0,0,0,11,20,5,2,0,20
Bad,71,144,0,119,15,0,0,73,0,8,8,36,2,0,0,0,0,29,77,2,0,0,50
Bad,73,174.0,4.0,84.0,16,0,0,100,0.0,6,8,29,3,0,3.0,3,1,4.0,12.0,2,0,1,57
Bad,53,111,1,75,16,0,0,93,1,5,5,20,1,25,0,0,0,96,0,2,0,0,67
Bad,71,131.0,1.0,79.0,4,0,0,100,0.0,2,8,22,1,14,0,3,3,68,33,2,1,0,50
Bad,67,25,15,128,23,0,0,100,0,6,8,23,1,0,9,0,0,0,20,1,0,0,100
Bad,73,128.0,1.0,84.0,7,1,1,100,1.0,6,8,23,2,26,0.0,0,0,5,6,3,1,0,43
Bad,64,168,1,136,24,0,0,100,1,3,8,31,1,10,1,3,3,87,11,2,10,0,33
Bad,69,126.0,10.0,82.0,19,0,0,100,0.0,6,6,23,2,0,10.0,0,0,0.0,100.0,0,1,0,0.0
Bad,71,162,1,84,21,5,3,76,1,7,8,31,2,6,0,1,1,16,22,3,1,0,50
Bad,59,128,1,84,26,3,3,100,1,7,8,29,1,0,2,6,6,0,0,10,0,0,53
Bad,59,146,5,78,10,2,2,70,15,8,8,24,2,22,26,3,3,51,49,3,2,1,100
Bad,66,144,1,96,23,0,0,100,1,2,8,23,1,9,0,0,0,20,0,2,0,0,36
Bad,66,144,1,81,16,2,2,100,1,7,8,23,3,0,1,0,0,0,57,1,0,0,100
Bad,92.0,383.0,11.0,126.0,23,0,0,100,-7.0,8.0,8.0,28,2,0,1.0,2,2,100.0,0.0,3,0,1,67
Bad,71,129,16,82,17,0,0,100,0,3,8,29,0,34,0,0,0,0,4,4,2,0,67
Bad,59,198,4,84,23,0,0,72,0,8,8,35,2,43,0,0,0,96,82,4,2,0,57
Bad,72,156.0,12.0,91.0,15,0,0,86,9.0,5,5,28,4,61,0.0,0,0,13,22,2,9,1,60
Bad,66,144,1,84,23,1,1,100,1,7,8,29,2,14,6,0,0,97,81,2,7,1,57
Bad,66,144,2,84,24,0,0,100,5,0,8,36,5,0,2,4,3,0,91,6,3,0,0
Bad,60,51,2,122,14,0,0,100,0,0,9,27,2,30,5,2,1,0,25,1,4,1,100
Bad,59,171,12,84,20,0,0,100,0,6,8,32,1,0,0,0,0,63,20,2,3,1,50.0
Bad,59,144,1,84,17,0,0,94,1,6,8,25,1,0,0,6,6,23,14,2,6,0,25
Bad,71,144,0,84,8,0,0,100,0,5,5,21,2,0,0,0,0,100,0,1,0,0,100
Bad,72,140,0,84,8,1,1,100,0,8,8,18,0,44,28,1,1,77,0,2,1,1,25.0
Bad,56.0,148.0,1.0,69.0,17,4,2,83.3,1.0,6.0,9.0,23,1,13.0,0.0,0,0,60.0,100.0,4.0,2.0,0.0,33.3
Bad,66,144.0,2.0,84.0,7,0,0,100,2.0,8,8,18,0,22,0.0,0,0,100,100,1,0,0,100
Good,70,40,2,105,17,0,0,87,0,0,8,29,2,0,5,0,0,6,12,1,2,0,9
Bad,67,128,3,84,19,0,0,100,0,2,8,29,0,11,0,3,3,12,16,2,2,0,100
Bad,59,123,2,85,17,0,0,88,0,4,8,25,1,0,6,4,3,98,0,2,0,0,20
Bad,72,144,3,84,10,1,1,88,2,6,6,22,1,27,0,0,0,100,0,9,1,0,64
Bad,65,144,0,69,11,1,1,100,0,8,8,35,0,11,0,0,0,98,16,1,4,0,25
Bad,65,144,1,84,20,0,0,80,1,6,8,29,2,14,25,0,0,11,49,2,2,0,29
Bad,64,121,15,103,12,0,0,100,8,6,8,22,4,18,4,0,0,43,0,1,4,1,100
Bad,65,123,9,109,14,0,0,92,17,7,8,26,3,4,0,1,1,25,12,3,1,0,50
Bad,70,222,23,140,14,0,0,100,0,7,8,21,1,0,9,2,1,15,0,1,0,0,100
Bad,58.0,128.0,6.0,90.0,14,0,0,100.0,nan,2.0,8.0,23,2,26.0,0.0,3,2,109.0,101.0,2,7,2,100.0
Bad,63.0,84.0,3.0,81.0,16,0,0,100,0.0,8,8,27,1,0,0,0,0,0.14,0.0,2,0,0,67
Bad,64.0,156.0,4.0,69.0,10,0,0,100,0.0,4.0,8.0,23,0,40,0,0,0,79,22,3,1,0,75
Bad,59,44,0,84,26,4,0,100,0,7,8,28,0,0,5,2,2,100,0,3,0,1,33.3
Bad,73,144,0,103,0,0,0,83,0,8,8,17,0,6,0,0,0,100,0,1,0,0,100
Bad,56,144,2,84,5,0,0,100,0,8,8,9,2,0,2,2,2,100,0,2,0,0,100
Bad,71,125.0,1.0,127.0,9,1,0,78,1.0,4,8,20,0,60,14.0,1,1,84,16,3,2,0,50
Bad,70,78,2,103,23,0,0,100,8,8,8,23,2,0,0,3,3,100,0,1,0,0,100.0
Bad,70,160,14,80,18,0,0,100,0,6,8,25,1,0,0,2,2,0,0,1,1,0,100
Bad,74,120,2,85,24,0,0,100,0,8,8,31,1,3,0,0,0,0,58,4,5,1,93
Bad,62,28,3,85,23,0,0,84,11,5,8,29,1,3,14,2,1,51,0,2,5,0,100
Bad,55,144,7,84,7,0,0,100,0,7,8,20,1,10,0,1,1,91,30,4,2,0,33
Bad,65,144,6,84,11,0,0,100,0,8,8,15,0,27,0,0,0,100,0,3,0,0,50
Bad,67,257,2,72,9,0,0,78,0,8,8,15,2,20,0,2,2,0,78,0,2,0,0
Bad,68,144.0,2.0,78.0,21,0,0,100,0.0,3,3,27,1,10,0.0,3,3,49,18,2,1,0,33
Bad,60,126,8,84,20,1,1,100,8,3,8,31,1,13,0,0,0,0,3,1,3,0,25.0
Bad,71,140.0,0.0,82.0,11,0,0,100.0,0.0,8,8,12,1,0.0,0.0,0,0,0.0,0.0,1,0,0,100.0
Bad,71,180,1,84,15,0,0,93,1,4,8,29,0,7,0,0,0,49,33,2,0,0,50
Bad,66,144,2,97,13,1,1,100,2,3,8,21,1,43,14,0,0,16,34,2,1,1,50
Bad,64,128,11,84,23,0,0,100,0,5,9,28,2,10,0,0,0,45,25,2,1,1,50
Bad,74.0,62.0,18.0,138.0,4,0,0,100,0.0,8,8,9,1,0,6.0,0,0,53.0,0.0,1,0,0,100.0
Bad,59.0,28.0,6.0,84.0,8,1,1,66,6.0,6,8,13,2,15,1.0,0,0,54.0,68.0,2,1,0,50
Bad,71,210,4,109,21,0,0,100,0,7,8,25,2,12,1,3,1,100,0,1,3,0,50
Bad,69,126,1,84,24,0,0,100,1,5,5,24,1,0,0,6,6,0,0,1,1,0,100
Good,82,144,5,93,18,0,0,100,0,5,5,21,1,10,2,1,1,0,46,3,1,0,43
Bad,59,144,1,84,23,0,0,100,0,3,7,29,1,17,0,0,0,68,31,4,2,0,33
Bad,72,168,8,53,18,0,0,100,0,5,10,29,5,17,3,2,2,7,14,1,1,0,100
Bad,64,147,2,69,23,0,0,100,0,0,8,32,4,10,0,6,6,0,52,2,1,0,22.0
Bad,59,144,0,84,16,0,0,100,0,8,8,31,2,13,0,2,2,69,39,3,4,1,33
Bad,55,144,1,121,21,0,0,100,0,8,8,23,0,0,0,0,0,98,0,6,0,1,100
Bad,51,174,3,84,13,0,0,87,24,7,8,24,3,25,1,2,2,12,6,2,1,0,100
Bad,65,144,1,84,23,0,0,70,2,6,8,32,6,53,0,0,0,53,4,3,2,0,100
Bad,59,140,12,82,9,1,1,100,12,5,8,15,3,33,3,3,3,48,0,4,0,0,57
Bad,78.5,127.0,15.0,84.0,16,0,0,100,0.0,7,8,29,1,0,3,3,3,0.124,0.0,2,0,1,50.0
Bad,73,52,2,148,11,0,0,100,0,5,5,25,1,48,3,7,2,79,26,2,1,0,29
Bad,59,148,8,84,10,0,0,87,8,5,8,15,1,0,8,0,0,6,10,2,2,0,50
Bad,60,140,3,97,9,1,1,66,3,2,8,20,2,0,1,0,0,69,0,2,0,0,50
Bad,59,127,10,69,15,0,0,100,4,7,8,25,4,20,1,3,1,56,100,3,1,0,47
Bad,59,144,5,84,23,0,0,100,0,7,8,32,2,3,0,0,0,0,60,2,1,0,33
Bad,67,174.0,0.0,84.0,16,2,2,93,4.0,5,5,27,8,33,0.0,3,3,86,0,2,1,0,50
Bad,52,60,5,84,21,0,0,94,0,6,8,29,2,7,0,2,2,40,0,3,0,0,43
Bad,61,126,0,103,17,0,0,100,0,3,8,24,9,4,10,1,1,87,0,3,1,1,67
Bad,53,144,3,84,6,0,0,78,3,6,8,23,4,13,0,0,0,10,6,2,0,0,55.6
Bad,59,93,1,101,6,2,3,50,15,7,8,15,3,27,1,1,1,33,25,2,1,1,20
Bad,57,188,6,68,21,0,0,100,0,2,8,31,1,16,6,0,0,1,2,2,1,0,60
Bad,59,41,15,120,21,0,0,100,0,0,8,24,0,0,0,0,0,0,50,1,4,0,100
Bad,56,49,0,86,24,0,0,100,0,5,8,53,7,15,0,2,2,6,16,3,2,0,100
Bad,59,168.0,1.0,86,35,0,7,100,0,5,6,42,2,5,0,0,0,0,82,3,1,0,75
Bad,39,168.0,5.0,53.0,8,1,1,100,5.0,5,8,9,0,0,6.0,3,3,0.57,0.0,2,0,0,50
Bad,79,168,3,101,24,1,1,83,3,5,8,31,1,13,0,3,0,59,68,3,4,0,50
Bad,60,126,1,96,18,0,0,83,0,9,9,25,1,0,1,0,0,53,0,1,0,1,100
Bad,59,166,2,47,17,0,0,88,2,5,7,21,0,24,0,0,0,24,16,3,3,1,60
Bad,63,148,12,84,18,0,0,100,0,6,8,23,1,22,0,0,0,85,0,1,2,0,33
Bad,62,168,4,60,13,1,1,100,4,7,9,20,0,0,2,3,3,91,1,1,4,0,100
Bad,61,150,15,109,20,2,2,90,2,3,8,29,0,0,0,0,0,100,0,2,1,1,33
Bad,55,144,2,69,23,0,0,100,0,5,8,32,3,50,0,0,0,19,33,1,2,1,50
Bad,55,144,2,84,31,1,1,90,2,4,5,39,3,0,0,3,0,0,0,1,2,0,33.3
Bad,66,144,2,84,10,0,0,100,0,6,8,24,1,0,6,3,3,64,7,3,1,1,67
Bad,71,126,1,54,16,0,0,100,0,8,8,24,0,0,0,6,6,100,0,2,0,0,25
Bad,67,141,10,84,20,0,0,95,0,8,8,29,0,3,5,0,0,37,16,1,1,1,100.0
Bad,55,144,1,125,8,0,0,100,2,7,8,17,1,12,0,2,2,74,81,1,0,0,100
Bad,67,235,0,144,19,0,0,100,0,8,8,27,2,4,0,0,0,98,0,3,0,0,100
Bad,66,144,3,84,21,0,0,100,0,8,8,31,4,10,0,0,0,70,0,3,0,0,33
Bad,72.0,128.0,8.0,82.0,15,0,0,100,8.0,6,6,19,1,21,4.0,2,2,0.0,0.0,0,4,0,0.0
Bad,53,181,4,69,10,0,0,87,4,2,8,20,3,40,8,1,1,15,0,0,3,1,0
Bad,74,121,1,63,8,0,0,100,1,8,8,14,0,29,1,0,0,100,0,0,0,0,0
Bad,64.0,190.0,1.0,82.0,4.0,0.0,0.0,100.0,0.0,8.0,8.0,22.0,1.0,0.0,0.0,2.0,2.0,0.0,0.0,0.0,0.0,0.0,0.0
Bad,60,144,1,84,15,3,0,66,1,7,8,23,0,23,6,1,1,47,32,3,1,0,33
Bad,60,168,4,82,23,0,0,100,0,7,8,27,0,0,0,0,0,90,0,2,0,1,33
Bad,63,144,0,122,6,0,0,100,31,8,8,21,1,0,0,0,0,0,0,0,1,0,0
Bad,67,168,2,54,23,0,0,100,0,8,8,23,2,0,2,3,3,100,0,2,0,0,100
Bad,68,128,4,108,15,0,0,100,0,7,8,28,0,0,14,1,1,100,100,4,0,0,33.3
Bad,71,144,34,84,15,0,0,86,21,5,5,23,9,17,6,6,6,3,0,2,1,0,100
Bad,59,144,2,84,19,1,1,78,2,8,8,31,1,6,0,1,1,94,0,3,0,1,67
Bad,56,144,21,84,15,0,0,100,0,5,5,29,2,17,7,4,4,96,101,2,4,0,50
Bad,71,148,2,87,16,0,0,87,2,5,8,29,2,20,10,0,0,21,14,2,0,0,67
Bad,73,144,2,84,22,0,0,100,2,5,8,31,2,0,0,2,2,1,0,3,0,1,33.3
Bad,74,28,2,96,9,0,0,100,0,2,8,13,0,31,2,2,0,96,0,1,0,0,100
Bad,64,127,1,69,9,0,0,76,1,2,8,19,1,0,0,0,0,74,0,2,0,0,67
Bad,65,144,2,84,23,0,0,100,2,8,8,29,3,17,0,1,1,27,1,2,2,0,67
,,,,,,,,,,,,,,,,,,,,,,,
,,,,,,,,,,,,,,,,,,,,,,,
,,,,,,,,,,,,,,,,,,,,,,,
Good,58,101,4,119,17,0,0,88,0,0,8,26,0,27,6,0,0,4,34,3,2,0,60
Bad,55,144,0,84,14,0,0,100,0,6,8,28,0,33,0,0,0,87,0,2,0,0,29
Bad,59,127,1,94,6,0,0,83,14,5,8,31,2,3,3,3,3,91,100,4,2,0,100
Bad,77,120,5,83,32,0,0,93,5,8,8,32,1,16,0,0,0,73,0,1,2,0,100
Bad,71,178,8,84,8,0,0,89,8,6,6,13,2,31,12,0,0,91,28,2,1,0,50
Bad,62,360,4,84,15,2,2,100,2,3,8,29,0,0,0,0,0,100,0,1,0,1,100
Bad,59,126.0,2.0,78.0,17,0,0,100,0.0,8,8,28,0,32,0,0,0,100,22,2,2,0,50
Bad,68,68,3,84,20,3,3,57,3,2,8,24,1,50,0,0,0,16,86,4,1,2,50
Bad,59,149.0,1.0,86.0,19,0,0,100,0.0,4,8,28,7,21,14.0,3,3,14,16,2,4,0,29
Bad,65,144.0,1.0,69.0,15,0,0,86,0.0,2,8,25,2,20,26,0,0,0,23,2,1,0,67
Bad,53,144,4,84,16,2,2,100,30,2,8,29,1,25,3,2,2,54,38,2,4,1,75
Bad,69.0,43.0,0.0,56.0,16,2,2,93,2.0,4.0,8.0,27,2,20,0.0,0,0,0.493,1.0,1,4,1,50
Bad,59.0,150.0,13.0,84.0,7,0,0,100,0,2.0,8.0,23,2,22,0,4,3,33,0,1,0,1,33.0
Bad,70,111,1,84,15,0,0,100,1,4,8,23,1,0,0,6,6,77,0,4,0,0,57
Good,66,127,24,80,22,0,0,100,0,0,8,25,1,36,6,0,0,41,31,2,3,0,67
Bad,61,144,0,84,22,0,0,95,0,1,8,29,0,14,25,0,0,67,0,2,1,0,33
Bad,68,143,15,86,18,0,0,100,0,8,8,31,1,29,14,0,0,98,15,4,11,0,44
Bad,59,126,12,95,12,0,0,87,0,7,8,18,3,28,12,1,1,66,1,1,1,1,100
Bad,55,144,11,84,11,2,2,100,11,7,8,22,3,9,0,0,0,0,100,2,0,0,50
Bad,64,383,1,92,16,0,0,100,0,6,8,19,0,32,0,0,0,74,11,2,4,0,67
Bad,56,128,1,84,14,0,0,100,0,5,8,17,2,29,0,0,0,100,0,1,3,0,100
Bad,77,144,14,84,14,2,2,100,14,4,8,20,1,0,7,2,0,4,1,2,0,0,55
Bad,70,140,1,69,16,0,0,100,0,3,8,19,0,32,0,0,0,97,0,2,0,0,33
Good,67,97,2,134,17,0,0,100,0,0,8,29,3,3,0,6,6,11,23,1,2,1,33
Bad,59,144,0,84,21,0,0,93,0,7,8,33,2,6,0,0,0,59,100,2,7,0,100
Bad,73,178,1,104,20,1,1,85,1,8,8,31,1,16,1,0,0,37,13,2,4,1,67
Bad,70,144.0,1.0,109.0,4,0,0,66,0.0,2,8,12,0,27,1.0,1,1,68,33,1,0,1,100
Bad,92.0,26.0,1.0,109.0,23,0,0,100,0.0,2,8,28,4,0,0.0,0,0,0.0,0.0,3,2,0,46.2
Bad,63,129,2,64,14,0,0,100,0,2,8,20,1,0,0,0,0,0.19,0.0,3,0,1,53
Bad,66,126,2,84,19,1,1,100,2,5,5,30,0,13,14,1,0,50,14,2,2,1,67.0
Bad,61,148,1,75,4,0,0,100,9,6,8,9,1,11,0,0,0,92,0,2,0,0,50
Bad,59,168,2,84,20,2,2,100,2,2,8,27,3,41,15,2,2,72,0,2,3,0,50
Bad,70.0,103.0,8.0,82.0,12,1,1,100,3.0,8,8,28,2,25,4,3,1,58,14,2,2,1,100
Bad,73,123,1,82,27,0,0,100,76,5,5,28,0,29,14,1,1,0,11,2,4,0,36
Bad,72,144,11,84,16,0,0,100,0,8,8,25,1,12,0,6,6,63,1,4,1,0,100
Bad,74,128.0,7.0,84.0,18,1,1,100,7.0,7,9,24,5,10,6.0,0,0,67,101,2,1,0,33
Bad,70,60,3,96,23,0,0,100,0,6,6,23,0,0,0,0,0,55,0,7,0,0,67
Bad,65,144,1,84,19,0,0,100,1,7,8,27,3,26,1,0,0,0,36,1,2,0,33
Bad,73,148,2,84,9,1,1,100,2,2,8,17,2,29,2,2,2,0,44,0,2,0,0
Bad,59,109,7,84,9,0,0,100,0,7,8,32,2,3,0,6,6,23,25,1,2,0,33
Bad,65,144,1,84,15,0,0,100,0,5,8,32,2,3,3,1,1,43,10,2,1,0,33
Bad,66,126,10,69,8,1,1,100,10,5,5,15,0,13,10,0,0,5,50,2,4,0,50.0
Bad,56,144,10,119,8,0,0,100,0,6,6,19,0,21,2,3,1,71,84,3,5,0,100
Bad,574,119,0,129,14,0,0,81,0,2,8,28,2,0,15,0,0,20,0,1,0,0,100
Bad,61,40,5,109,14,0,0,100,0,6,6,25,2,4,1,4,4,86,20,2,1,1,50
Bad,55,64,1,117,13,1,1,92,1,5,8,27,2,4,1,3,0,40,17,1,2,0,67
Bad,59,168.0,2.0,37.0,9,0,0,100,0,0,8,12,3,0,2,6,6,91,0,1,2,0,33
Bad,55,144,2,84,23,0,0,100,0,6,8,31,2,13,0,0,0,0.0,0.0,1,1,0,100
Bad,59,144,1,84,23,0,0,86,1,4,8,31,1,0,14,2,2,101,0,4,1,0,57
Bad,67.0,126.0,8.0,76.0,7,0,0,100,0.0,1.0,8,22,1,27,1.0,0,0,0.84,0.0,1,0,1,100
Bad,72,120,17,86,23,0,0,95,0,6,6,28,1,36,0,0,0,54,86,2,2,0,100
Bad,44,128,1,84,17,0,0,100,0,1,8,42,0,29,6,4,3,9,23,2,7,0,67
Bad,65,126,2,82,9,2,2,100,2,2,8,20,0,0,0,1,1,0,0,2,0,0,50
Bad,65,126.0,7.0,84.0,9,0,0,81,0.0,4,8,17,1,6,1.0,3,0,45,16,3,2,1,100
Bad,62,114,4,66,19,0,0,84,0,2,7,26,0,4,0,0,0,91,0,2,0,0,50
Bad,59.0,126.0,2.0,94.0,13,0,0,100,0.0,6.0,8.0,24,0,0,0.0,0,0,100,0,0,0,0,0
Bad,70,144,4,84,11,0,0,100,0,6,8,23,2,0,0,0,0,47,66,2,0,0,0
Bad,72.0,144.0,3.0,77.0,19,0,0,100,0.0,8.0,8.0,22,1,14,0.0,6,6,97,0,2,0,0,36
Bad,82,196,1,137,24,0,0,100,0,0,8,29,1,3,0,0,0,53,68,1,0,0,100
Bad,49,26,9,153,15,0,0,93,0,1,8,26,1,26,2,2,2,91,0,4,1,0,36
Bad,65.0,170.0,3.0,74.0,12,0,0,100,0.0,6,8,24,0,8,0,0,0,81,18,2,1,0,33
Bad,70,155.0,5.0,76.0,13,0,0,100,0.0,5,5,22,2,36,0,0,0,85,13,2,0,0,36
Bad,60,144,2,80,8,2,2,100,2,7,8,23,3,100,0,0,0,46,50,3,2,2,40
Bad,62,149,2,109,18,0,0,88,2,6,8,24,3,4,2,0,0,74,0,1,0,1,100
Bad,72.0,38.0,2.0,84.0,13,0,0,100,0.0,5,8,20,1,0,2,3,2,0.0,0.0,3,2,0,60
Bad,59,121,16,56,16,0,0,66,16,5,8,28,3,7,14,1,1,2,1,2,0,0,75
Bad,55,144,4,89,15,0,0,100,0,7,8,29,3,7,1,1,0,19,28,2,2,0,100
Good,62.0,139.0,2.0,64.0,18,0,0,100,0.0,1.0,2,29,3,14,0,2,2,0.0,0.0,2,2,0,100.0
Bad,64,95,2,109,21,0,0,100,2,7,8,31,1,26,2,6,6,25,18,7,2,0,67
Bad,62,383,2,83,23,1,1,100,2,2,8,33,2,15,0,0,0,27,0,4,1,1,80
Bad,53,143,5,76,22,1,1,77,5,2,8,34,2,12,1,0,0,7,31,3,2,0,50
Bad,66,148,2,84,9,0,0,100,0,8,8,20,1,0,5,0,0,73,0,2,1,1,50
Bad,65,144,5,84,16,1,1,76,1,4,8,27,2,22,3,3,3,3,14,3,2,0,43
Bad,71,144,8,84,21,0,0,100,0,8,8,23,4,44,0,6,6,15,18,2,1,0,63
Bad,57,127,12,128,5,1,1,100,12,7,7,21,2,0,0,0,0,0,0,1,0,1,100
Bad,55,144,0,84,20,1,1,100,0,3,8,23,5,0,0,2,2,3,0,4,0,1,33
Bad,55,144,2,84,9,0,0,100,0,6,6,18,1,6,0,0,0,22,36,4,2,0,57.1
Bad,72,210,16,104,14,0,0,100,0,8,8,34,1,3,0,3,3,13,24,2,2,0,67
Bad,60,196,4,127,15,0,0,86,8,6,8,24,5,16,2,3,3,63,0,1,1,0,100.0
Bad,65,111,16,104,9,1,1,100,16,5,5,18,1,0,16,6,6,0,50,2,0,1,100
Bad,58,144,11,125,18,1,1,100,1,7,9,23,4,6,1,2,1,100,0,2,0,1,55
Bad,59,168,4,84,13,2,2,92,4,7,8,21,1,0,0,3,3,9,11,3,2,0,75
Bad,74,142,2,84,14,0,0,100,2,2,2,27,3,22,14,2,2,54,21,2,1,0,33
Bad,58,123,11,86,18,0,0,94,0,3,8,34,1,9,11,0,0,100,0,3,0,0,33
Bad,63,144,2,53,17,0,0,94,2,7,8,17,1,6,0,0,0,100,100,2,1,0,33
Bad,70,127,2,77,19,0,0,89,2,2,8,29,1,17,0,0,0,14,16,1,1,1,100
Bad,81,188,1,84,15,0,0,93,0,6,8,29,5,38,0,6,6,63,69,2,4,1,29
Bad,68,126.0,3.0,69.0,7,0,0,100,0.0,2,8,17,1,47,0,3,3,100,0,3,0,0,42
Bad,52,144,2,84,15,0,0,100,0,7,8,23,1,0,0,0,0,0,40,0,1,0,0
Bad,73.0,128.0,1.0,81.0,7,1,1,85,2.0,6.0,8.0,15,2,33,0.0,0,0,0.0,0.0,2,0,0,100
Bad,62,144,2,84,19,0,0,100,2,2,8,37,1,53,0,0,0,9,16,1,2,0,33
Bad,55.0,127.0,8.0,86.0,23,2,2,100,8.0,4,8,29,1,28,0.0,0,0,0.59,0.0,2,0,0,22
Bad,59,126,1,85,14,1,1,78,1,5,8,32,0,28,0,0,0,47,50,0,4,0,0.0
Bad,65,144,20,84,14,0,0,100,0,6,7,20,2,0,0,0,0,25,0,1,1,0,100
Bad,71,144,1,197,7,0,0,77,1,2,8,14,0,43,2,1,1,6,9,2,0,1,50
Bad,70,45,10,43,17,2,2,93,5,2,8,33,1,8,0,1,1,96,4,2,0,0,50
Bad,58,176,1,86,14,2,2,100,1,5,8,22,1,9,1,0,0,79,29,4,2,0,100
Bad,60,197,0,121,20,0,0,100,0,9,9,23,2,9,0,0,0,98,5,5,0,3,33
Bad,55,144,5,84,21,0,0,95,11,1,8,26,0,27,1,4,4,9,11,2,2,0,45
Bad,62.0,144.0,2.0,84.0,14,0,0,100,0.0,6.0,8.0,22,1,9,0.0,0,0,0.957,0.0,4,0,3,33.3
Bad,59.0,72.0,5.0,81.0,16,0,0,100,0,2,8,22,4,14,0,1,1,0.60,0.00,3,0,0,33
Bad,71,140,7,84,9,0,0,100,0,6,6,21,1,0,2,0,0,100,0,1,0,0,100
Bad,59,34.0,0.0,166.0,3,0,0,100,0.0,1,8,9,2,0,0.0,2,2,0.59,0.0,2,0,0,33
